id_test,id_borehole,equipement,profondeur_sonde,duree_test,temp_terrain,cond_therm,rb_sonde,cp_chaleur_specif,litho_dominante,commentaire,longitude,latitude
1310,BSS004MHJF,Double U,150.0,69.0,13.5,2.62,0.071,2.3,,,-1.03179,47.46441
692,BSS004BAME,Double U,100.0,65.0,13.0,1.96,0.07,2.3,,,5.87129,45.63792
107,BSS003BSHQ,Double U,190.0,96.0,18.0,2.14,0.064,2.4,,,7.435755,43.749388
498,BSS003OACA,Double U,140.0,68.0,12.15,2.87,0.0723,2.2,,,5.03742,49.671242
37,BSS003DRQA,Double U,100.0,,14.3,1.8,,,,,1.09372554,43.20799339
1066,BSS004FYYG,Double U,175.0,72.0,13.55,2.26,0.0666,2.257,,,2.5173,49.29807
628,BSS004CFTD,Double U,150.0,72.0,14.63,2.365,0.0848,2.213,,,5.77261,43.93897
1192,BSS004KMLB,Double U,200.0,91.0,13.56,2.3,0.1515,2.2,,,6.83714,47.46858
1008,BSS004JUGQ,Double U,150.0,72.0,13.78,2.46,0.079,2.28,,,-0.12073,43.18571
834,BSS004HCAD,Double U,130.0,69.0,12.87,2.6,0.062,2.4,,,6.23664,46.18981
1065,BSS004HAPQ,Double U,144.0,94.0,15.03,1.85,0.063,2.26,,,2.33795,48.79613
1320,BSS004MGKV,Double U,152.0,48.0,12.2,2.53,0.091,2.25,,,1.08919,49.37022
623,BSS004AXME,Double U,135.0,48.0,16.22,2.15,0.071,2.33,,,1.43467,43.65425
249,BSS003NXDI,Double U,110.0,90.0,11.05,1.69,0.086,2.53,,,4.05974,45.0965
857,BSS003PQOC,Double U,150.0,47.0,16.9,2.1,0.12,,,,1.43481,43.61249
244,BSS003NVGW,Double U,100.0,71.0,15.0,1.9,0.08,2.51,,,4.848459,46.792688
295,BSS003OAMK,Double U,140.0,70.0,14.3,2.0,0.082,2.5,,,5.704804,45.202731
321,BSS003OBZQ,Double U,100.0,68.0,11.3,3.08,0.1,2.2,,,4.757416,50.105588
707,BSS004GFPG,Double U,100.0,72.0,13.7,3.12,0.1,2.3,,,-3.43652,48.40717
85,BSS003BQIW,Double U,99.5,144.0,17.3,2.61,0.072,2.2,,,4.870977,43.939483
452,BSS003IAKO,Double U,140.0,,13.93,2.29,0.1206,2.47,,,-1.32921,47.134412
407,BSS003VJLM,Double U,150.0,68.0,14.2,3.26,0.1,2.16,,,2.29814,44.45936
56,01398X0132,Double U,99.0,144.0,11.8,3.14,0.093,2.3,,,6.815664,49.154275
1011,BSS004JZAQ,Double U,130.0,72.0,16.95,2.208,0.0825,2.158,,,4.37244,43.81302
953,BSS004HZKR,Double U,180.0,72.0,13.7,2.71,0.104,2.31,,,1.07957,48.6914
375,BSS003MEDI,Double U,200.0,73.0,14.51,4.21,0.11,2.21,,,2.42414,46.79478
1259,BSS004KQQC,Double U,150.0,58.0,12.18,2.79,0.099,,,,3.62182,44.384563
684,BSS004GNRS,Double U,150.0,48.0,15.86,2.55,0.092,2.52,,,2.36271,43.49648
622,BSS003PYGC,Double U,100.0,71.0,14.1,2.67,0.082,2.31,,,-0.77006,46.45754
87,BSS003BQNM,Double U,200.0,96.0,14.9,1.7,0.061,2.4,,,2.349764,48.620024
1329,BSS004NEVF,Double U,196.0,64.0,15.89,1.37,0.06,2.2,,,3.1136,45.77226
395,BSS003OESG,Double U,198.0,73.0,13.7,2.49,0.083,2.25,,,-0.88947,47.52005
1185,BSS004LBNM,Double U,150.0,70.0,19.45,2.1,0.095,2.51,,,2.86574,42.69009
766,BSS004HNZL,Double U,112.0,69.0,16.8,2.32,0.071,2.2,,,4.14801,43.75292
711,BSS004GNPA,Double U,150.0,72.0,15.85,2.45,0.043,1.75,,,4.95373,44.90217
1352,BSS004KYDW,Double U,120.0,72.0,13.97,2.25,0.07,2.17,,,6.21663,46.19215
254,BSS003NXOC,Double U,100.0,91.0,13.1,2.82,0.086,2.29,,,5.882847,47.106505
260,BSS003NYJQ,Double U,100.0,72.0,5.26,22.1,0.082,2.15,,"La conductivité thermique apparente du terrain λ est supérieure à 6 W/(K.m). Une valeur aussi élevée de λ suggère un écoulement souterrain significatif. Pour rappel, l’interprétation du TRT prend en compte uniquement la conduction, mais pas le transport de chaleur par écoulement souterrain, ce qui peut conduire à une surestimation λ. Il est conseillé d’utiliser une valeur conservative de λ.",6.977743,45.444383
734,BSS004HBAF,Double U,150.0,54.0,12.78,6.61,0.11,2.15,,"La conductivité thermique apparente du terrain λ est supérieure à 6 W/(K.m). Une valeur aussi élevée de λ suggère un écoulement souterrain significatif. Pour rappel, l’interprétation du TRT prend en compte uniquement la conduction, mais pas le transport de chaleur par écoulement souterrain, ce qui peut conduire à une surestimation λ. Il est conseillé d’utiliser une valeur conservative de λ.",6.6279,45.94246
886,BSS004JYRW,Double U,120.0,67.0,14.1,2.72,0.085,2.25,,,6.04936,47.26497
1071,BSS004DPMF,Double U,200.0,72.0,19.05,2.05,0.09,2.05,,,2.9,42.68444
1260,BSS004KRGT,Double U,150.0,71.0,16.12,2.8,0.096,2.42,,,2.120827,43.916644
870,BSS004DGFE,Double U,200.0,65.0,16.3,2.68,0.077,,,,1.4168,43.66938
741,BSS004HSPB,Double U,150.0,72.0,14.44,1.946,0.1241,2.213,,,6.85471,47.64287
21,BSS002PZRJ,Double U,100.0,27.0,14.8,1.71,0.122,2.1,,,0.833846,43.381828
1219,BSS004KUGE,Double U,189.0,48.0,15.47,2.57,0.105,2.19,,,0.12626,45.66585
950,BSS004JRGH,Double U,146.0,72.0,15.82,2.87,0.09,2.25,,,4.91421,44.87498
1021,BSS004KBWJ,Double U,185.0,71.0,14.2,5.8,0.142,2.4,,,-1.87923,47.28649
735,BSS004HCRB,Double U,175.0,84.0,14.17,1.91,,,,,2.1784797,48.9570581
593,BSS003QHIG,Double U,125.0,70.0,13.72,2.59,0.13,2.2,,,4.36277,44.32766
348,BSS003AQEA,Double U,100.0,72.0,16.4,2.25,0.086,2.5,,,4.88894,43.98747
780,BSS004GLBF,Double U,200.0,72.0,13.7,2.43,0.125,2.4,,,-1.756838,47.297359
1195,BSS004KZEE,Double U,200.0,68.0,,,,2.2,,,3.94118,49.0804
241,BSS003NULI,Double U,100.0,72.0,13.7,2.61,0.084,2.25,,,5.927011,46.018974
1253,BSS004LQSA,Double U,150.0,79.0,14.33,5.83,0.103,2.29,,,2.64437,48.84747
1133,BSS004KTTR,Double U,151.0,72.0,16.76,2.131,0.0922,2.24,,,3.86933685,43.64998286
284,BSS003OCZQ,Double U,130.0,60.0,16.3,2.1,0.08,,,,1.41316,43.52785
68,10915X0385,Double U,99.1,120.0,17.7,2.05,0.082,2.3,,,2.899466,42.699684
620,BSS003GRZY,Double U,141.0,66.0,14.4,2.3,0.07,,,,0.11839,43.19727
683,BSS004GNNB,Double U,150.0,47.0,16.2,2.18,0.073,2.31,,,2.26274,43.53139
1116,BSS004JXJV,Double U,200.0,72.0,13.68,2.91,0.112,2.3,,,-0.60071,47.3217
584,BSS004BBNT,Double U,200.0,72.0,15.48,6.95,0.081,1.97,,"La conductivité thermique apparente du terrain λ est supérieure à 6 W/(K.m). Une valeur aussi élevée de λ suggère un écoulement souterrain significatif. Pour rappel, l’interprétation du TRT prend en compte uniquement la conduction, mais pas le transport de chaleur par écoulement souterrain, ce qui peut conduire à une surestimation λ. Il est conseillé d’utiliser une valeur conservative de λ.",2.326737,48.9063
781,BSS004GLTD,Double U,200.0,69.0,16.0,2.41,0.103,2.38,,,5.09372,45.66234
1212,BSS004KVNY,Double U,150.0,72.0,14.82,4.32,0.095,2.17,,,2.39299661,44.01399293
1193,BSS004KBSF,Double U,200.0,70.0,13.13,3.382,0.0667,2.25,,,-0.75268,48.0881
388,BSS003ODHU,Double U,100.0,70.0,12.8,3.79,0.082,2.24,,,5.502606,47.071048
726,BSS004GTFL,Double U,150.0,71.0,17.05,2.17,0.043,1.75,,,4.27827,46.43746
858,BSS003PHYG,Double U,147.0,48.0,15.75,1.96,0.12,,,,1.44884,43.43434
364,BSS003HWPI,Double U,150.0,70.0,16.3,1.97,0.102,2.36,,,1.39356,43.55914
772,BSS003OKRQ,Double U,100.0,43.0,13.4,3.19,0.071,2.4,,,-3.00921,47.77798
1268,BSS004LNXN,Double U,150.0,68.0,15.5,2.61,0.084,2.52,,,4.79584,45.73702
265,BSS003NZCC,Double U,96.0,90.0,17.6,1.91,0.079,2.1,,,3.284861,43.265485
226,BSS003RYSO,Double U,150.0,51.0,12.01,2.97,0.072,2.5,,,3.33688,44.85196
23,BSS003QMQO,Double U,90.0,100.0,13.1,1.54,0.105,2.14,,,3.17551,50.723932
762,BSS004DACD,Double U,160.0,68.0,16.6,2.0,0.086,2.31,,,1.37458,43.77326
1001,BSS004GABL,Double U,68.0,71.0,12.3,1.7,0.108,2.34,,,3.105923,50.571601
1287,BSS004MCSW,Double U,110.0,70.0,14.35,3.21,0.097,2.55,,,-0.89161,46.95444
881,BSS004BDAH,Double U,200.0,73.0,13.2,1.78,0.077,1.9,,,-1.26122,44.03271
92,BSS003BRFY,Double U,98.0,168.0,13.5,2.34,0.089,2.3,,,6.160675,49.359337
717,BSS004DLZM,Double U,110.0,64.0,13.27,1.76,0.093,2.35,,,2.23436,47.8775
1196,BSS004KZEE,Double U,200.0,68.0,13.38,1.01,0.0955,,,,3.94118,49.0804
573,BSS003MEQW,Double U,125.0,73.0,13.47,2.0,0.0982,2.3,,,-1.18662,47.28453
258,BSS003ERJM,Double U,160.0,73.0,9.45,4.68,0.117,2.2,,,6.4224,45.93978
1252,BSS004JCBB,Double U,50.0,74.0,14.92,2.53,0.083,2.2,,,0.31457,46.54669
1161,BSS004KJSD,Double U,200.0,75.0,14.0,3.13,0.15,2.4,,,-2.58409,47.51799
698,BSS004CQGT,Double U,100.0,72.0,12.8,5.0,0.058,2.9,,,-1.63332,49.27815
1029,BSS004DMTM,Double U,199.0,64.0,12.91,1.86,0.07,2.01,,,2.26956,49.1314
1145,BSS003DWTI,Double U,151.0,72.0,15.9,2.13,0.07,2.3,,,3.7147,43.49604
630,BSS004CRRK,Double U,150.0,68.0,16.2,2.05,0.068,2.31,,,-0.68806,44.82176
1026,BSS004BAAR,Double U,186.0,68.0,17.2,1.31,0.062,2.26,,,3.1418,45.76081
1272,BSS004LYWZ,Double U,120.0,69.0,11.5,3.01,0.088,2.25,,,3.46517,44.52856
1051,BSS004KESY,Double U,197.0,69.0,13.7,2.56,0.078,2.3,,,6.06424,45.92158
1038,BSS004JZBC,Double U,150.0,72.0,16.7,2.464,0.1057,2.243,,,4.07507993,44.13314276
1003,BSS004HEBW,Double U,100.0,76.0,11.98,2.98,0.096,2.37,,,6.10234,45.92631
126,06706X0073,Double U,150.0,86.0,18.1,1.46,0.072,2.1,,,3.335399,45.921767
1014,BSS004HTTA,Double U,100.0,69.0,15.0,2.37,0.083,2.3,,,1.4989,44.31314
408,BSS003WARE,Double U,150.0,68.0,16.4,2.29,0.097,2.21,,,2.45578,44.47729
872,BSS004BHYJ,Double U,100.0,71.0,12.54,1.78,0.068,1.65,,,3.27423,50.3498
1257,BSS004KGDA,Double U,150.0,68.0,16.44,2.06,0.086,2.49,,,1.42867,43.58835
287,BSS003ODOG,Double U,148.0,60.0,16.9,2.1,0.085,,,,1.37372,43.77399
412,BSS003ZJWW,Double U,186.0,74.0,12.3,2.76,0.071,2.25,,,6.1198,45.94211
1054,BSS004KHCF,Double U,197.0,72.0,15.02,6.06,0.105,2.25,,"La conductivité thermique apparente du terrain λ est supérieure à 6 W/(K.m). Une valeur aussi élevée de λ suggère un écoulement souterrain significatif. Pour rappel, l’interprétation du TRT prend en compte uniquement la conduction, mais pas le transport de chaleur par écoulement souterrain, ce qui peut conduire à une surestimation λ. Il est conseillé d’utiliser une valeur conservative de λ.",2.31085,48.65906
401,BSS003OLGA,Double U,100.0,70.0,12.7,2.82,0.08,2.25,,,1.633512,43.047274
343,09907X0538,Double U,150.0,240.0,17.5,2.01,0.074,2.28,,,3.83540827,43.62366723
1064,BSS003TOVY,Double U,125.0,46.0,16.5,2.1,0.075,,,,2.13527,43.92964
291,BSS003NYZY,Double U,90.0,92.0,17.6,1.69,0.142,2.1,,,3.28499,43.264493
957,BSS004HZCF,Double U,150.0,68.0,16.0,3.57,0.069,2.29,,,2.17537,43.9548
1285,BSS004LSQT,Double U,140.0,69.0,12.34,2.6,0.108,2.17,,,6.00102,47.25236
1069,BSS004JTAC,Double U,130.0,68.0,12.28,1.803,0.0791,2.304,,,2.60343482,50.47103692
174,BSS002PUMW,Double U,95.0,66.0,12.89,1.75,0.052,2.49,,,4.77085,46.00914
509,BSS003ELUC,Double U,142.0,68.0,13.6,1.62,0.0974,2.2,,,2.826869,48.854274
1119,BSS004KBEE,Double U,153.0,68.0,17.2,5.04,0.094,2.19,,,7.479617,43.76159
851,BSS004HBZE,Double U,150.0,48.0,13.19,3.59,0.083,,,,0.80428,43.01377
783,BSS004GNMZ,Double U,150.0,46.0,15.78,2.16,0.057,2.29,,,2.14089,43.48486
101,BSS003BSAS,Double U,99.6,144.0,16.1,2.49,0.122,2.3,,,4.785927,43.97767
322,BSS003OCMC,Double U,150.0,70.0,17.85,2.69,0.085,2.25,,,7.426319,43.739311
1221,BSS004KMZC,Double U,187.0,72.0,14.05,4.07,0.09,2.28,,,-0.694111,47.469169
669,BSS004BGHQ,Double U,64.0,69.0,12.38,12.15,0.09,2.3,,"La conductivité thermique apparente du terrain λ est supérieure à 6 W/(K.m). Une valeur aussi élevée de λ suggère un écoulement souterrain significatif. Pour rappel, l’interprétation du TRT prend en compte uniquement la conduction, mais pas le transport de chaleur par écoulement souterrain, ce qui peut conduire à une surestimation λ. Il est conseillé d’utiliser une valeur conservative de λ.",5.3405,45.36012
1039,BSS004JZKD,Double U,110.0,68.0,16.7,2.719,0.1107,2.212,,,3.99964,43.64996
325,BSS004BKUX,Double U,113.0,134.0,12.8,1.61,0.1,2.25,,,2.399363,49.386584
266,BSS003NZDQ,Double U,100.0,92.0,13.6,3.18,0.123,2.2,,,4.418734,45.463386
133,BSS003BZLU,Double U,99.0,71.0,14.49,1.8,0.047,2.1,,,2.304655,48.752973
856,BSS003COGK,Double U,122.0,40.0,14.4,2.3,0.1,,,,0.04684,43.22648
776,BSS004ENYK,Double U,198.0,72.0,16.85,2.18,0.068,2.31,,,1.74792,43.7245
1317,BSS004LUFX,Double U,180.0,48.0,16.01,2.33,0.083,2.39,,,2.15661,43.93227
39,BSS003DRUW,Double U,100.0,,15.4,2.2,,,,,0.463583,44.861683
1194,BSS004KRPD,Double U,95.0,72.0,13.94,2.24,0.095,2.2,,,0.36187,46.61131
646,BSS004DMBP,Double U,166.0,66.0,14.57,3.79,0.085,2.3,,,-0.60034,47.45837
95,BSS002PVCF,Double U,207.0,132.0,17.2,2.05,0.058,2.1,,,1.384505,43.619528
701,BSS004GEUC,Double U,100.0,68.0,14.56,2.08,0.065,2.11,,,1.34568,47.07994
691,BSS004AUAM,Double U,115.0,70.0,14.05,2.72,0.07,2.3,,,5.02686,46.0011
499,BSS003LXMA,Double U,150.0,71.0,11.9,2.25,0.1163,2.2,,,7.758929,48.830564
1265,BSS004LGPH,Double U,193.0,75.0,16.56,2.65,0.121,2.2,,,-1.22026,46.15593
1177,BSS004KVPR,Double U,200.0,72.0,14.92,2.78,0.086,2.48,,,-2.08903,47.39897
537,BSS004CZNT,Double U,100.0,90.0,13.7,3.0,0.076,2.25,,,6.045064,47.255526
1020,BSS004KBEU,Double U,150.0,72.0,12.15,3.3,0.12,2.25,,,5.6517,46.26297
1308,BSS004KWMX,Double U,188.0,64.0,16.97,1.8,0.072,2.37,,,-0.42916,44.885462
1203,BSS004LCAE,Double U,150.0,72.0,13.79,6.98,0.101,2.2,,"La conductivité thermique apparente du terrain λ est supérieure à 6 W/(K.m). Une valeur aussi élevée de λ suggère un écoulement souterrain significatif. Pour rappel, l’interprétation du TRT prend en compte uniquement la conduction, mais pas le transport de chaleur par écoulement souterrain, ce qui peut conduire à une surestimation λ. Il est conseillé d’utiliser une valeur conservative de λ.",4.73397,46.55763
876,BSS004JQZX,Double U,160.0,69.0,16.95,2.43,0.059,2.17,,,5.0495,44.03503
370,BSS003JIXM,Double U,130.0,73.0,15.9,2.01,0.077,2.46,,,-0.62216,44.83569
250,BSS003NXEW,Double U,160.0,90.0,12.2,3.06,0.082,2.2,,,4.805872,50.102448
1181,BSS004KYAK,Double U,150.0,69.0,13.0,2.54,0.108,1.57,,,6.15819,45.97761
180,BSS003DPYK,Double U,150.0,25.0,14.26,1.92,0.08,2.4,,,2.238651,48.777242
642,BSS004FZUE,Double U,146.0,71.0,14.5,1.79,0.076,2.26,,,2.74841,48.86128
167,BSS003UCBE,Double U,100.0,65.0,15.7,1.71,0.073,2.5,,,3.37784192,45.82534014
228,BSS003EXQO,Double U,200.0,51.0,16.1,2.0,0.079,2.5,,,1.52477,43.31241
768,BSS003ZBPM,Double U,150.0,72.0,13.9,3.09,0.1179,2.7,,,-1.42161,47.12485
1222,BSS004KTDN,Double U,150.0,70.0,11.2,2.31,0.085,2.09,,,6.16518,45.93223
1233,BSS004LHCN,Double U,150.0,70.0,13.29,2.16,0.1325,2.21,,,6.146341,48.745928
833,BSS004HMBE,Double U,200.0,69.0,12.87,2.12,0.1159,2.2,,,0.8917,49.3564
1153,BSS004HNRW,Double U,136.0,72.0,16.28,2.209,0.1388,2.24,,,5.39728,43.33483
419,BSS004AYSQ,Double U,140.0,200.0,11.0,3.44,0.091,2.55,,,3.841806,44.724918
170,BSS003CBHU,Double U,100.0,73.0,11.45,3.14,0.095,2.49,,,2.904561,45.715746
231,BSS003NPXQ,Double U,103.0,74.0,12.15,1.81,0.075,2.2,,,0.765431,49.525512
753,BSS004ARBM,Double U,150.0,72.0,17.7,1.96,0.093,2.47,,,3.90938,43.60282
1289,BSS004LHKQ,Double U,115.0,67.0,13.01,3.07,0.104,2.31,,,1.685449,42.786485
414,BSS003ZKXU,Double U,100.0,69.0,14.5,2.06,0.087,2.55,,,4.46218,45.78001
765,BSS004ATQW,Double U,150.0,72.0,14.8,3.08,0.047,2.4,,,-1.61483,47.22462
276,BSS003OAUC,Double U,160.0,95.0,18.15,2.59,0.08,2.25,,,7.433227,43.749537
1293,BSS004NQSZ,Double U,199.0,48.0,13.38,2.26,0.092,2.25,,,1.5789,50.62566
993,BSS004KAVH,Double U,200.0,68.0,13.73,2.66,0.1188,2.21,,,5.68434,45.76361
60,01383X0049,Double U,99.0,72.0,12.8,2.23,0.099,2.3,,,6.329931,49.315232
1326,BSS004MGFV,Double U,140.0,72.0,14.32,1.838,0.0812,2.4,,,-1.33738,47.14079
288,06534X0074,Double U,200.0,87.0,13.3,2.56,0.091,2.1,,,6.11403153,46.25125104
48,BSS002QAFT,Double U,124.0,60.0,15.8,2.0,0.075,,,,1.07953,43.20703
335,04543X0118,Double U,70.0,120.0,13.9,5.1,0.068,,,,-0.53149909,47.47246584
1366,BSS004LTFN,Double U,150.0,50.0,16.2,2.4,0.095,2.34,,,2.18188,43.50537
280,BSS003OBAW,Double U,100.0,64.0,17.4,1.4,0.086,2.3,,,3.085845,45.753955
336,06771X0067,Double U,140.0,72.0,11.79,2.69,0.073,2.25,,,5.78821667,46.07635113
1347,BSS004KGWT,Double U,150.0,68.0,13.8,3.75,0.105,2.55,,,4.29257047,46.0304623
1199,BSS004LQST,Double U,100.0,51.0,13.8,4.05,0.101,,,,5.670601,45.534804
1380,BSS004PRJJ,Double U,195.0,72.0,16.82,2.74,0.09,2.4,,,4.83193,45.06597
558,00468X0215,Double U,185.0,72.0,12.5,1.8,0.064,2.2,,,2.51361591,49.88680131
143,02986X0275,Double U,150.0,72.0,14.1,2.12,0.082,2.29,,,4.077867,48.29717
55,10963X0081,Double U,164.0,240.0,16.5,3.26,0.08,2.5,,,2.7057667,42.5746333
1045,BSS004EKZL,Double U,200.0,70.0,15.16,7.83,0.085,2.12,,"La conductivité thermique apparente du terrain λ est supérieure à 6 W/(K.m). Une valeur aussi élevée de λ suggère un écoulement souterrain significatif. Pour rappel, l’interprétation du TRT prend en compte uniquement la conduction, mais pas le transport de chaleur par écoulement souterrain, ce qui peut conduire à une surestimation λ. Il est conseillé d’utiliser une valeur conservative de λ.",2.42409,48.8505
219,BSS003HPEA,Double U,45.0,66.0,12.76,8.76,0.078,2.26,,"La conductivité thermique apparente du terrain λ est supérieure à 6 W/(K.m). Une valeur aussi élevée de λ suggère un écoulement souterrain significatif. Pour rappel, l’interprétation du TRT prend en compte uniquement la conduction, mais pas le transport de chaleur par écoulement souterrain, ce qui peut conduire à une surestimation λ. Il est conseillé d’utiliser une valeur conservative de λ.",0.75769,47.41506
501,BSS003KEPI,Double U,150.0,67.0,13.81,2.0,0.1003,1.87,,,2.30369,50.76923
198,BSS003CSQG,Double U,99.0,90.0,14.18,2.6,0.0942,2.27,,,-0.322694,47.831384
594,BSS004AJVT,Double U,152.0,62.0,16.44,2.09,0.078,2.35,,,-0.57867,44.87606
890,BSS003AEJE,Double U,150.0,80.0,13.3,1.88,0.065,2.1,,,2.00446,48.77507
686,BSS004HNKD,Double U,100.0,70.0,15.14,3.02,0.069,2.1,,,5.353435,43.478982
641,BSS004FYZZ,Double U,200.0,72.0,15.6,4.04,0.068,2.2,,,-0.49347,47.26525
585,BSS003FNSO,Double U,114.0,81.0,14.39,1.89,0.074,2.3,,,2.34133,48.74867
354,BSS003CXQK,Double U,152.0,68.0,16.8,2.21,0.11,2.25,,,3.20646,43.30682
1130,BSS004KKSM,Double U,79.0,72.0,14.83,3.08,0.041,2.49,,,-3.54627,47.76693
371,BSS003JUSK,Double U,130.0,92.0,14.6,4.06,0.103,2.35,,,-0.5062,47.45243
78,BSS003BOFM,Double U,99.3,144.0,17.1,2.19,0.074,2.4,,,3.215947,43.269831
337,07728X0456,Double U,140.0,145.0,12.9,1.98,0.097,2.52,,,5.67550484,45.19928893
1353,BSS004LDJZ,Double U,150.0,72.0,13.4,1.91,0.078,2.29,,,2.246574,48.871822
1016,BSS004JZXH,Double U,117.0,84.0,13.97,3.94,0.059,2.25,,,-1.43481,48.91894
1091,BSS004BREP,Double U,160.0,69.0,13.44,3.45,0.108,2.23,,,1.17187,49.22673
24,BSS002PZRK,Double U,100.0,72.0,14.34,3.08,0.103,2.35,,,-0.601742,47.463489
1115,BSS004GFZX,Double U,146.0,72.0,13.5,1.76,0.11,2.1,,,2.258175,48.787463
185,BSS003CRPI,Double U,99.0,74.0,13.42,2.08,0.0819,2.2,,,1.412419,46.880411
690,BSS004ATBD,Double U,150.0,72.0,16.37,2.13,0.061,2.21,,,4.99289,43.50002
427,BSS004BKTU,Double U,150.0,72.0,11.9,17.35,0.109,2.25,,"La conductivité thermique apparente du terrain λ est supérieure à 6 W/(K.m). Une valeur aussi élevée de λ suggère un écoulement souterrain significatif. Pour rappel, l’interprétation du TRT prend en compte uniquement la conduction, mais pas le transport de chaleur par écoulement souterrain, ce qui peut conduire à une surestimation λ. Il est conseillé d’utiliser une valeur conservative de λ.",3.451306,48.752667
672,BSS004JKNJ,Double U,135.0,51.0,5.1,3.59,0.213,,,,0.14449091,42.90851541
378,BSS003MUIW,Double U,148.0,72.0,11.48,1.67,0.0924,2.2,,,2.071631,49.461403
191,BSS003CRZI,Double U,99.0,74.0,13.6,2.05,0.1156,2.13,,,4.643926,45.988963
666,BSS004CCRR,Double U,200.0,93.0,11.5,2.67,0.104,2.55,,,4.3323,45.17832
896,BSS004KAUW,Double U,80.0,64.0,12.8,1.51,0.11,2.4,,,-0.55424892,44.84713411
234,BSS003NSQK,Double U,100.0,70.0,13.4,2.9,0.092,2.1,,,2.557082,44.359559
829,BSS004HXDM,Double U,136.0,47.0,17.0,2.32,0.073,,,,1.51233159,43.57937833
1057,BSS004KJZB,Double U,102.0,74.0,12.42,2.1,0.073,2.32,,,2.43471,49.1867403
844,BSS004JGBH,Double U,120.0,67.0,8.3,4.37,0.073,2.47,,,4.15914,44.9044
34,BSS003DRPM,Double U,100.0,,14.9,1.9,,,,,1.371025,43.655935
826,BSS004HEPW,Double U,200.0,72.0,16.8,2.229,0.0794,2.222,,,4.0279,43.66133
67,BSS003BNCA,Double U,99.0,144.0,13.2,1.82,0.097,2.3,,,5.89439,45.719052
846,BSS003CWAS,Double U,150.0,49.0,15.4,2.0,0.085,,,,1.6206,43.35817
384,BSS003NIZU,Double U,100.0,72.0,13.2,1.98,0.165,2.1,,,2.239368,48.777782
197,BSS003CSPM,Double U,100.0,71.0,16.4,1.89,0.0986,2.23,,,-0.756727,45.429029
497,BSS003HSDY,Double U,190.0,88.0,12.17,4.51,0.1151,2.2,,,3.04758,50.38497
1089,BSS004ASDG,Double U,150.0,92.0,13.4,2.33,0.11,2.25,,,6.96786,43.69275
369,BSS003JBDE,Double U,86.5,70.0,19.5,3.06,0.067,2.25,,,3.21097,43.3049
162,BSS003CAWS,Double U,100.0,69.0,12.6,4.98,0.099,2.5,,,6.082552,46.145824
627,BSS004BWRR,Double U,150.0,86.0,12.7,2.74,0.092,2.24,,,2.59811,44.40541
137,BSS003BZSS,Double U,135.0,96.0,13.62,2.54,0.082,2.2,,,2.327173,48.620167
1190,BSS003UILE,Double U,148.0,66.0,12.6,3.44,0.111,2.4,,,2.24296,44.85559
256,BSS003NXYW,Double U,140.0,72.0,16.04,7.76,0.077,2.4,,"La conductivité thermique apparente du terrain λ est supérieure à 6 W/(K.m). Une valeur aussi élevée de λ suggère un écoulement souterrain significatif. Pour rappel, l’interprétation du TRT prend en compte uniquement la conduction, mais pas le transport de chaleur par écoulement souterrain, ce qui peut conduire à une surestimation λ. Il est conseillé d’utiliser une valeur conservative de λ.",2.365319,48.905979
1113,BSS004JNER,Double U,98.0,100.0,14.29,2.64,0.121,2.23,,,0.04275,47.94452
179,BSS003CBYK,Double U,130.0,66.0,15.71,1.99,0.079,2.2,,,1.282422,43.607127
58,BSS003BMPY,Double U,8.7,110.0,19.1,1.95,0.0,2.3,,,4.378094,43.834574
763,BSS004CUTC,Double U,100.0,70.0,13.9,3.29,0.09,2.41,,,-1.42434,46.68765
1204,BSS004KAVK,Double U,67.0,72.0,12.6,1.91,0.101,2.27,,,1.82297,48.267
1079,BSS004JYVR,Double U,125.0,69.0,15.77,1.702,0.1107,2.25,,,4.95258877,44.16152969
737,BSS004HHPH,Double U,148.0,68.0,12.01,2.95,0.119,2.46,,,2.09394083,45.48389163
1160,BSS004KJBE,Double U,115.0,66.0,14.4,1.69,0.128,2.52,,,5.26763,45.61367
1114,BSS004JTXK,Double U,118.0,72.0,15.04,3.388,0.1004,2.551,,,-1.53904,47.17569
1142,BSS004BNSM,Double U,140.0,72.0,10.39,2.95,0.104,2.2,,,6.2202,46.09298
252,BSS003NXJM,Double U,100.0,95.0,12.88,2.71,0.109,2.39,,,6.269441,46.187083
277,BSS003OAWA,Double U,100.0,70.0,12.65,1.89,0.068,2.55,,,5.801185,45.574076
1301,BSS004MGBV,Double U,186.0,69.0,14.49,2.07,0.0666,2.3,,,-0.378571,43.370799
591,BSS003KNHM,Double U,100.0,70.0,15.0,2.03,0.0902,2.3,,,-0.76536,47.35023
1006,BSS004JTZZ,Double U,147.0,72.0,15.95,2.12,0.096,2.26,,,-1.0689,43.54627
1070,BSS004JVLD,Double U,200.0,48.0,13.9,1.722,0.0879,2.187,,,2.26643238,50.7421856
1228,BSS004LBXT,Double U,200.0,72.0,15.55,2.59,0.099,2.55,,,-1.28391,47.14025
944,BSS004ELFL,Double U,198.5,66.0,14.89,2.0,0.1191,,,,2.22586,48.89673
247,BSS003NWUW,Double U,100.0,72.0,12.68,2.12,0.098,2.3,,,5.556057,46.830853
168,BSS003UCKA,Double U,100.0,71.0,11.7,1.6,0.131,2.47,,,3.12682103,45.71994027
1148,BSS004JNRK,Double U,110.0,72.0,15.95,2.28,0.1338,2.39,,,-0.67008,44.91393
46,BSS002PUMV,Double U,112.5,73.0,16.3,2.33,0.077,,,,3.54111111,43.64833333
982,BSS004JCPV,Double U,150.0,48.0,16.4,3.59,0.083,2.37,,,2.26659119,43.6240964
839,BSS004HPSF,Double U,103.0,68.0,18.23,2.3,0.07,2.21,,,5.41481,43.29296
1174,BSS004KUFK,Double U,199.0,69.0,12.64,3.13,0.0634,2.2,,,-1.03028,48.47793
572,BSS004ARQJ,Double U,130.0,70.0,13.96,2.49,0.0716,2.1,,,-1.19166,47.28685
861,BSS004CYFY,Double U,130.0,49.0,16.35,2.41,0.099,2.32,,,1.40811,43.5417
268,BSS003NZPI,Double U,100.0,72.0,11.6,1.76,0.095,2.1,,,5.341177,45.96085
1322,BSS004MBHS,Double U,150.0,49.0,16.98,2.45,0.113,2.22,,,2.35899,43.21299
163,BSS003CAYA,Double U,140.0,69.0,16.82,1.39,0.09,2.48,,,3.154053,45.828233
1197,BSS004LQSP,Double U,242.0,72.0,14.16,2.67,0.098,2.3,,,-0.802414,48.079021
973,BSS004GEHC,Double U,145.0,71.0,14.6,2.97,0.091,2.1,,,3.61887,47.99142
955,BSS004HNUA,Double U,95.0,48.0,13.26,2.73,0.074,,,,-1.31705,48.6479
529,BSS003WQCO,Double U,140.0,67.0,13.65,1.68,0.069,2.25,,,3.14869,50.72675
1250,BSS004LPJD,Double U,149.0,69.0,15.93,3.163,0.0865,2.2,,,-0.55806,47.48182
232,BSS003NRXE,Double U,102.0,70.0,14.0,2.21,0.071,2.25,,,6.1913,48.693848
1267,BSS004LMWM,Double U,123.0,64.0,12.2,1.79,0.083,2.25,,,3.43983,50.10851
1338,BSS004PDMZ,Double U,193.0,65.0,7.8,123.6,0.07,2.45,,"La conductivité thermique apparente du terrain λ est supérieure à 6 W/(K.m). Une valeur aussi élevée de λ suggère un écoulement souterrain significatif. Pour rappel, l’interprétation du TRT prend en compte uniquement la conduction, mais pas le transport de chaleur par écoulement souterrain, ce qui peut conduire à une surestimation λ. Il est conseillé d’utiliser une valeur conservative de λ.",2.9871,44.62191
554,02721X0343,Double U,98.0,91.0,13.1,2.0,0.06,2.0,,,7.56259465,48.54353439
323,BSS003OCNM,Double U,100.0,70.0,13.05,3.03,0.078,2.25,,,5.554076,46.692938
645,BSS004CUUW,Double U,150.0,71.0,14.9,1.88,0.072,2.27,,,5.08354,47.16564
960,BSS004AQKG,Double U,96.0,51.0,16.2,1.9,0.109,2.5,,,4.87585,45.78226
1318,BSS004LURF,Double U,130.0,72.0,15.5,2.13,0.14,2.39,,,-0.35094,43.28986
1137,BSS004LCSW,Double U,145.0,72.0,14.76,2.125,0.0788,2.202,,,0.69206163,45.14425409
418,BSS004AYSK,Double U,100.0,88.0,17.95,1.85,0.072,2.51,,,2.935001,42.681012
588,BSS004BFVP,Double U,110.0,91.0,8.23,31.19,0.088,2.44,,"La conductivité thermique apparente du terrain λ est supérieure à 6 W/(K.m). Une valeur aussi élevée de λ suggère un écoulement souterrain significatif. Pour rappel, l’interprétation du TRT prend en compte uniquement la conduction, mais pas le transport de chaleur par écoulement souterrain, ce qui peut conduire à une surestimation λ. Il est conseillé d’utiliser une valeur conservative de λ.",6.64749,45.87479
455,BSS004ARAZ,Double U,118.0,74.0,7.64,2.76,0.091,2.2,,,6.45191,45.97091
1092,BSS004CJEZ,Double U,200.0,71.0,13.99,4.15,0.092,2.28,,,6.24229,46.19266
1171,BSS004KSQT,Double U,197.0,164.0,14.1,4.13,0.106,2.4,,,-1.47957,46.8462
65,01652X0167,Double U,99.0,144.0,12.0,3.74,0.09,2.3,,,6.596839,49.051813
32,BSS002PZZL,Double U,100.0,95.0,12.3,2.91,0.089,2.4,,,4.234169,46.836292
574,BSS003LXUS,Double U,150.0,70.0,12.18,9.09,0.066,2.2,,"La conductivité thermique apparente du terrain λ est supérieure à 6 W/(K.m). Une valeur aussi élevée de λ suggère un écoulement souterrain significatif. Pour rappel, l’interprétation du TRT prend en compte uniquement la conduction, mais pas le transport de chaleur par écoulement souterrain, ce qui peut conduire à une surestimation λ. Il est conseillé d’utiliser une valeur conservative de λ.",0.76184,49.52975
255,BSS003NXQK,Double U,100.0,71.0,13.5,2.28,0.09,2.44,,,4.765306,45.749611
757,BSS004BNGX,Double U,89.0,72.0,15.5,2.17,0.0762,2.23,,,3.02246,43.12443
1367,BSS004LTHN,Double U,150.0,67.0,14.0,2.49,0.082,2.39,,,0.00859,43.18782
1118,BSS004KADS,Double U,150.0,69.0,14.53,2.572,0.0828,2.202,,,5.08268,44.24611
1328,BSS004NDQP,Double U,80.0,69.0,8.52,4.99,0.047,2.33,,,6.53387748,45.75824818
1270,BSS004LQGA,Double U,195.0,72.0,14.69,3.35,0.09,2.29,,,-0.67841,47.48147
1168,BSS004KPTM,Double U,150.0,72.0,12.99,1.83,0.07,2.24,,,2.36603,49.126
728,BSS004GXRJ,Double U,130.0,72.0,16.3,2.132,0.061,2.237,,,5.02885,43.95891
82,BSS003BQHI,Double U,99.5,156.0,15.5,2.66,0.063,2.2,,,4.756705,43.957856
971,BSS004BSJP,Double U,100.0,72.0,12.4,2.88,0.065,2.26,,,2.66816,48.60105
610,BSS004BMVQ,Double U,150.0,72.0,18.66,2.35,0.09,2.65,,,6.76911,43.43912
1238,BSS004LQBA,Double U,150.0,48.0,17.0,2.28,0.098,,,,1.95361,43.29472
399,BSS003OKKW,Double U,100.0,90.0,15.25,2.13,0.11,2.35,,,1.718282,43.398865
700,BSS004DMFU,Double U,194.0,69.0,15.8,2.12,0.106,2.21,,,4.81875,46.2934
1123,BSS004KFWJ,Double U,110.0,68.0,14.37,3.49,0.093,2.19,,,-1.3076,47.20796
187,BSS003CRTE,Double U,99.0,74.0,12.37,2.01,0.0874,1.78,,,2.0459,48.778877
1300,BSS004DJHC,Double U,130.0,92.0,16.2,2.5,0.052,2.4,,,4.87113,45.73708
1309,BSS004MEMQ,Double U,185.0,72.0,14.85,2.89,0.104,2.25,,,-1.41108,46.66012
195,BSS003CSMO,Double U,100.0,89.0,13.1,4.91,0.0985,2.2,,,1.682147,46.478853
409,BSS003WUPI,Double U,150.0,88.0,17.9,1.79,0.071,2.44,,,3.8394,43.62151
1061,BSS004GYPX,Double U,160.0,69.0,13.5,2.7,0.08,2.0,,,-0.68292,46.80764
888,BSS004GCDU,Double U,200.0,69.0,18.92,1.39,0.087,2.21,,,3.11747,45.83077
1156,BSS004KGXD,Double U,150.0,71.0,16.8,2.37,0.098,2.26,,,2.40523,43.26959
54,BSS002PVCM,Double U,35.0,120.0,15.4,2.16,0.06,2.5,,,-0.681834,44.816839
192,BSS003CSAC,Double U,99.0,72.0,12.49,1.73,0.0495,1.7,,,2.076108,48.66384
1117,BSS004JYWK,Double U,150.0,69.0,16.39,2.11,0.086,2.16,,,5.43681895,43.71095702
1120,BSS004KCFW,Double U,170.0,70.0,18.5,1.306,0.0697,2.024,,,4.60045315,43.87409712
43,BSS003DRVU,Double U,100.0,,15.2,2.1,,,,,1.656516,43.5631
505,BSS004BMTY,Double U,150.0,72.0,11.28,3.0,0.092,2.079,,,6.140708,46.360644
743,BSS004JEXS,Double U,150.0,72.0,15.56,5.37,0.09,2.15,,,4.39066,45.45087
709,BSS004GADX,Double U,180.0,72.0,13.7,1.83,0.074,2.41,,,2.25174,48.78009
261,BSS003NYOA,Double U,100.0,75.0,11.7,1.68,0.065,2.25,,,4.176697,49.078393
712,BSS004GRMB,Double U,200.0,65.0,14.2,3.06,0.082,2.35,,,-2.34118,47.69806
1169,BSS004KTJN,Double U,142.0,70.0,13.0,3.82,0.073,2.42,,,6.123191,45.91846
778,BSS004GEHF,Double U,200.0,64.0,14.7,2.89,0.092,2.3,,,2.81513,44.51533
579,BSS004ASLM,Double U,145.0,72.0,14.03,1.65,0.048,1.09,,,3.13182559,50.40959959
718,BSS004ECZZ,Double U,200.0,65.0,15.8,2.29,0.195,2.54,,,4.82075,45.69585
1012,BSS004JZAT,Double U,83.0,72.0,16.88,5.175,0.0857,2.289,,,4.67891,43.88843
758,BSS004BNRM,Double U,86.0,48.0,17.42,1.77,0.068,2.5,,,3.32004,43.26342
50,06986S0198,Double U,24.0,120.0,13.9,2.7,0.08,2.4,,,4.81835186,45.73303017
41,06596X0101,Double U,541.0,,21.5,1.9,,,,,-0.62909,45.969127
1058,BSS004KMBZ,Double U,110.0,69.0,14.75,3.93,0.079,2.54,,,0.59896,42.79796
1305,BSS004MEZZ,Double U,149.0,72.0,13.49,2.572,0.0635,2.218,,,2.69103,48.84285
1187,BSS004LCPZ,Double U,150.0,73.0,12.82,2.28,0.073,2.23,,,1.448126,48.439159
403,BSS003OYEK,Double U,90.0,70.0,14.24,23.02,0.063,2.27,,"La conductivité thermique apparente du terrain λ est supérieure à 6 W/(K.m). Une valeur aussi élevée de λ suggère un écoulement souterrain significatif. Pour rappel, l’interprétation du TRT prend en compte uniquement la conduction, mais pas le transport de chaleur par écoulement souterrain, ce qui peut conduire à une surestimation λ. Il est conseillé d’utiliser une valeur conservative de λ.",1.912572,47.892992
212,BSS003NKSG,Double U,13.0,71.0,13.0,1.8,0.095,2.2,,,1.485395,47.388448
687,BSS004HNLE,Double U,150.0,69.0,14.2,2.55,0.082,2.23,,,5.36018,43.48268
118,BSS003BVFE,Double U,13.0,72.0,14.32,2.61,0.087,2.2,,,1.727995,48.991701
1034,BSS004GVCN,Double U,195.0,70.0,15.4,2.7,0.065,2.2,,,-2.23922,47.00249
567,BSS004BEVR,Double U,100.0,70.0,13.12,2.45,0.0861,1.71,,,0.16802423,47.99129452
1024,BSS004KDTV,Double U,150.0,72.0,14.48,2.71,0.12,2.4,,,4.82852,45.8156
259,BSS003NYCW,Double U,130.0,72.0,12.8,2.33,0.09,2.3,,,6.170638,45.893674
1126,BSS004KGUW,Double U,150.0,88.0,13.4,3.11,0.071,2.55,,,4.17213,45.29247
1100,BSS004KGFW,Double U,142.0,27.0,16.2,1.55,0.11,2.1,,,-1.09537,46.1289
1336,BSS004NYFW,Double U,150.0,72.0,13.65,1.95,0.068,2.2,,,1.490495,48.417496
278,BSS003OAXE,Double U,150.0,185.0,17.1,2.87,0.09,2.25,,,7.426037,43.740794
1128,BSS004KHZJ,Double U,89.0,56.0,12.88,3.78,0.11,2.4,,,6.53052,46.07861
887,BSS004BKRF,Double U,146.5,90.0,14.3,3.32,0.08,,,,2.8193,44.38372
764,BSS004HMRW,Double U,120.0,70.0,13.7,2.55,0.126,2.3,,,-1.6499067,47.3756002
1316,BSS004LTXQ,Double U,120.0,66.0,13.33,4.62,0.102,2.45,,,-1.45322,47.3987
183,BSS003CWUS,Double U,90.0,72.0,14.86,2.08,,1.86,,,2.148119,48.812184
28,05064X0066,Double U,118.0,72.0,14.6,4.3,0.086,2.3,,,-2.19065145,47.13769262
1144,BSS004GCTQ,Double U,150.0,72.0,16.2,2.27,0.141,2.24,,,-1.39419,43.36173
1158,BSS004KHLG,Double U,150.0,62.0,17.15,2.25,0.092,2.36,,,1.09314,44.10459
749,BSS004BXSW,Double U,200.0,46.0,13.3,2.24,0.08,2.29,,,-0.24938,47.66292
189,BSS003CRUC,Double U,170.0,72.0,14.26,2.14,0.0948,1.98,,,2.654177,48.5233
561,BSS004BPXN,Double U,200.0,71.0,14.96,1.67,0.0769,2.04,,,2.39693973,48.82522801
1323,BSS004MEAE,Double U,182.0,72.0,11.77,2.8,0.086,2.5,,,2.41426,45.5022
979,08294X0019,Double U,80.0,48.0,14.37,1.48,0.195,1.63,,,0.327703,44.775433
745,BSS004GNLV,Double U,141.0,72.0,13.05,2.8,0.058,2.3,,,-1.66407,48.07423
373,BSS003LFHY,Double U,100.0,70.0,12.56,1.95,0.0897,1.75,,,3.00635,49.47779
91,BSS003BQYA,Double U,100.0,108.0,13.3,2.32,0.082,2.3,,,2.254767,48.85059
136,BSS003BZPQ,Double U,102.0,89.0,12.6,12.63,0.096,2.2,,"La conductivité thermique apparente du terrain λ est supérieure à 6 W/(K.m). Une valeur aussi élevée de λ suggère un écoulement souterrain significatif. Pour rappel, l’interprétation du TRT prend en compte uniquement la conduction, mais pas le transport de chaleur par écoulement souterrain, ce qui peut conduire à une surestimation λ. Il est conseillé d’utiliser une valeur conservative de λ.",4.172625,45.665728
203,BSS003CTBY,Double U,85.0,93.0,14.05,2.39,0.0995,2.22,,,1.071285,49.441484
1048,BSS004HYGX,Double U,116.0,72.0,14.74,1.66,0.18,2.25,,,5.12514,45.65276
633,BSS004BHQR,Double U,150.0,141.0,10.3,3.67,0.14,2.4,,,4.27242,45.17239
1049,BSS004JPEP,Double U,150.0,73.0,14.91,3.09,0.098,2.5,,,-2.7420678,47.6552274
392,BSS003ODZU,Double U,200.0,72.0,14.67,2.03,0.088,2.35,,,2.212345,48.900316
345,BSS002PVCH,Double U,200.0,93.0,14.4,3.0,0.11,,,,2.57066,44.34922
106,BSS003BSGW,Double U,144.0,72.0,18.1,2.3,0.072,2.4,,,7.435611,43.749388
983,BSS004GQZN,Double U,150.0,68.0,13.43,2.21,0.0961,2.2,,,2.64134,48.86479
629,BSS004CPPW,Double U,200.0,72.0,13.7,2.57,0.115,2.32,,,-0.22657,47.3377
285,BSS003ODEG,Double U,135.0,60.0,16.4,2.0,0.06,,,,1.34872,43.51781
342,09907X0535,Double U,80.0,90.0,17.5,2.19,0.078,2.33,,,3.847277,43.612056
271,BSS003OAFI,Double U,100.0,65.0,13.5,2.24,0.083,2.25,,,6.172778,48.671667
1324,BSS004KGEP,Double U,120.0,73.0,13.08,2.16,0.088,2.31,,,6.37427,46.33477
845,BSS004JNPT,Double U,200.0,70.0,19.95,2.2,0.076,2.48,,,3.85683,43.61766
978,BSS004KDBP,Double U,175.0,71.0,14.36,6.03,0.106,2.25,,"La conductivité thermique apparente du terrain λ est supérieure à 6 W/(K.m). Une valeur aussi élevée de λ suggère un écoulement souterrain significatif. Pour rappel, l’interprétation du TRT prend en compte uniquement la conduction, mais pas le transport de chaleur par écoulement souterrain, ce qui peut conduire à une surestimation λ. Il est conseillé d’utiliser une valeur conservative de λ.",2.2504914,48.9092806
1165,BSS004KNMC,Double U,190.0,70.0,19.2,2.313,0.091,2.544,,,3.237522,43.327727
130,BSS003BYDY,Double U,99.0,72.0,13.24,1.75,0.092,2.14,,,2.120771,48.726951
147,BSS003DQMG,Double U,100.0,72.0,9.82,2.96,0.064,2.27,,,6.63695,45.849067
1074,BSS004KJAQ,Double U,100.0,73.0,12.3,2.02,0.064,2.44,,,2.21969,48.70942
248,BSS003NXBU,Double U,100.0,72.0,12.35,1.85,0.102,2.23,,,6.087303,45.936643
463,BSS004BTYE,Double U,199.5,90.0,16.2,2.28,0.104,2.256,,,5.193522,43.37428
184,BSS003CLJE,Double U,99.0,95.0,13.1,2.06,0.0934,2.2,,,4.296904,47.994264
1307,BSS004NCRW,Double U,140.0,100.0,13.61,3.52,1.0,2.25,,,-0.40965,46.60971
694,BSS004BCCH,Double U,98.0,72.0,13.4,1.76,0.074,1.92,,,1.2331,48.00499
35,BSS003DRQG,Double U,78.0,,12.5,2.0,,,,,2.00845,49.045633
946,BSS004FYGH,Double U,150.0,66.0,16.8,2.04,0.104,2.31,,,1.50018,43.54983
995,BSS003HMUG,Double U,150.0,72.0,14.7,1.82,0.106,2.1,,,0.82886,43.37471
1150,BSS004HWGX,Double U,130.0,72.0,16.54,1.81,0.0918,2.49,,,-0.54386,44.80569
235,BSS003NSUA,Double U,100.0,100.0,11.6,2.0,0.075,2.25,,,6.070136,46.3176
1067,BSS003EVNI,Double U,200.0,88.0,16.9,2.51,0.085,2.3,,,4.83406,45.72667
1224,BSS004KWPD,Double U,150.0,70.0,16.56,2.08,0.117,2.32,,,0.31929,44.84787
1055,BSS004KAQE,Double U,140.0,97.0,16.11,1.98,0.094,2.16,,,1.22177,43.43007
1319,BSS004LWRL,Double U,117.0,74.0,5.11,6.14,0.114,2.06,,"La conductivité thermique apparente du terrain λ est supérieure à 6 W/(K.m). Une valeur aussi élevée de λ suggère un écoulement souterrain significatif. Pour rappel, l’interprétation du TRT prend en compte uniquement la conduction, mais pas le transport de chaleur par écoulement souterrain, ce qui peut conduire à une surestimation λ. Il est conseillé d’utiliser une valeur conservative de λ.",6.63224,45.39653
1164,BSS004KNCZ,Double U,200.0,86.0,15.8,2.84,0.089,2.54,,,4.82073,45.69551
1385,BSS004QCWR,Double U,96.5,48.0,12.18,1.93,0.078,2.25,,,3.31274,50.36157
88,BSS003BQOO,Double U,148.0,168.0,13.7,1.68,0.12,2.2,,,2.032034,49.038598
75,02305X0454,Double U,99.0,192.0,10.8,2.49,0.1,2.2,,,6.129445,48.657222
293,BSS003NZMW,Double U,100.0,72.0,13.3,2.2,0.104,2.25,,,1.907199,47.904563
389,BSS003ODLY,Double U,100.0,70.0,12.6,2.8,0.095,2.55,,,4.710077,45.780246
1090,08623X0032,Double U,107.0,72.0,11.79,4.64,0.092,2.3,,,3.50148624,44.55889546
1170,BSS004LBZH,Double U,136.0,60.0,14.91,1.77,0.09,2.16,,,5.80705,45.21693
1327,BSS004KZBR,Double U,134.0,72.0,11.87,1.537,0.1087,2.107,,,1.76656987,49.95746436
697,BSS004CJGB,Double U,200.0,68.0,12.6,2.77,0.12,2.2,,,6.15423,45.9439
15,10963X0083,Double U,194.0,145.0,,3.26,0.08,2.5,,,2.7057667,42.5746333
722,BSS004EPQR,Double U,150.0,48.0,16.26,2.34,0.108,2.31,,,1.47734,43.34081
1292,BSS004NXFH,Double U,173.0,72.0,14.34,3.17,0.09,2.4,,,4.6828,45.82064
201,BSS003CSYW,Double U,99.0,85.0,13.3,1.99,0.0916,2.2,,,4.112466,48.269058
1256,BSS004KDKJ,Double U,150.0,67.0,11.61,5.319,0.1018,2.217,,,2.77524,50.41054
1052,BSS004KBFN,Double U,145.0,69.0,17.58,2.777,0.0982,2.25,,,5.01038466,43.59097467
267,BSS003NZJU,Double U,100.0,88.0,13.3,2.18,0.128,2.25,,,1.907044,47.904303
827,BSS004FGLE,Double U,140.0,72.0,17.6,4.183,0.0877,1.903,,,4.3557996,43.8108495
714,BSS004DANH,Double U,110.0,72.0,16.5,2.19,0.071,2.36,,,-0.57871,44.86904
1334,BSS004NVVV,Double U,177.0,70.0,13.9,1.67,0.06,1.8,,,2.09216,48.86603
898,BSS004HLJC,Double U,150.0,70.0,17.22,2.207,0.0952,2.25,,,3.82389,43.63209
1306,BSS004LWNT,Double U,150.0,71.0,17.4,2.02,0.077,2.37,,,3.17791,43.46562
1226,BSS004KYGY,Double U,80.0,68.0,14.32,3.55,0.056,2.25,,,-4.34116,48.0923
1068,BSS004JUMS,Double U,150.0,68.0,13.26,1.927,0.0714,2.308,,,2.78835642,49.39351944
1178,BSS004KVQR,Double U,193.0,72.0,15.9,4.12,0.084,2.2,,,-1.92906,46.70217
581,BSS004DHZX,Double U,154.0,54.0,13.33,2.62,0.104,2.49,,,4.03971,46.03029
115,BSS003BURY,Double U,153.0,91.0,16.9,1.07,0.034,2.2,,,3.110839,45.893951
199,BSS003CSTQ,Double U,99.0,72.0,13.71,4.1,0.0606,2.26,,,0.630158,47.496872
227,BSS003AMOG,Double U,100.0,71.0,13.52,2.37,0.073,2.22,,,5.94921,45.56183
366,BSS003HXWK,Double U,175.0,74.0,14.3,2.7,0.08,2.55,,,4.63193,46.08881
842,BSS004JFVJ,Double U,200.0,71.0,15.23,1.92,0.087,,,,2.2962947,48.9009175
204,BSS003DPZE,Double U,150.0,72.0,13.9,3.09,0.1179,2.7,,,-1.422139,47.124912
1379,BSS004PRGJ,Double U,135.0,65.0,14.8,3.02,0.097,2.55,,,-1.61129,46.67787
29,05608X0097,Double U,100.0,168.0,12.87,2.05,0.1722,2.2,,,-1.86311094,46.69262033
1295,BSS004NJHL,Double U,150.0,93.0,13.6,3.2,0.082,2.35,,,4.4144,45.47334
17,BSS002PYZB,Double U,90.0,70.0,15.46,1.94,0.066,2.25,,,-0.77051,45.208137
1076,BSS004KBHA,Double U,150.0,48.0,16.27,2.44,0.069,2.32,,,4.14401,44.10308
216,BSS003EASO,Double U,120.0,72.0,14.4,3.06,0.076,2.5,,,4.78025,45.77554
1330,BSS004NFPQ,Double U,150.0,74.0,13.59,2.24,0.1,2.05,,,5.96127,46.14119
451,BSS003FKHU,Double U,190.0,43.0,12.37,3.76,0.097,2.25,,,3.41845,50.11286
119,00026X0111,Double U,95.0,72.0,12.97,2.08,0.096,2.2,,,1.93388654,50.95317961
721,BSS004EPMM,Double U,200.0,138.0,13.9,2.82,0.106,2.55,,,4.27248,45.83272
970,BSS004ATTK,Double U,150.0,68.0,15.9,1.77,0.11,2.5,,,0.61349,43.63545
1152,BSS004HNLM,Double U,195.0,70.0,12.47,1.526,0.0769,2.306,,,4.02038,49.07443
976,BSS004JECC,Double U,150.0,87.0,14.08,5.03,0.093,2.3,,,-0.86833,47.68321
38,BSS003DRUC,Double U,98.0,,14.9,11.0,,,,"La conductivité thermique apparente du terrain λ est supérieure à 6 W/(K.m). Une valeur aussi élevée de λ suggère un écoulement souterrain significatif. Pour rappel, l’interprétation du TRT prend en compte uniquement la conduction, mais pas le transport de chaleur par écoulement souterrain, ce qui peut conduire à une surestimation λ. Il est conseillé d’utiliser une valeur conservative de λ.",6.4755,43.535233
8,06883X0361,Double U,140.0,117.0,13.9,3.59,0.073,2.4,,,1.28597896,45.81851005
61,01645X0031,Double U,80.0,60.0,12.0,2.35,0.095,2.3,,,6.198611,49.001111
954,BSS004HUPM,Double U,200.0,87.0,13.9,3.18,0.087,2.13,,,2.575,44.35435
974,BSS004GXYN,Double U,150.0,116.0,12.4,2.63,0.114,2.22,,,6.0826,45.94433
1009,BSS004JXVT,Double U,113.0,72.0,10.98,2.5,0.08,2.3,,,6.38681,46.07146
129,BSS003DQCG,Double U,140.0,70.0,15.76,1.4,0.097,2.1,,,3.202905,45.729674
114,BSS003BUNM,Double U,200.0,240.0,13.8,4.89,0.11,2.1,,,2.075,48.78638889
860,BSS004BNAD,Double U,160.0,71.0,16.43,1.97,0.083,2.29,,,1.29945,43.49279
566,BSS003PWGO,Double U,190.0,47.0,13.13,1.85,0.1047,,,,2.04403,49.01006
1010,BSS004JZEW,Double U,66.0,72.0,13.84,3.26,0.054,2.25,,,-1.56862,48.77094
424,BSS004BKRG,Double U,110.0,72.0,11.79,2.6,0.065,2.25,,,3.500655,44.560416
1263,BSS004LCPP,Double U,127.0,69.0,17.08,1.955,0.099,2.25,,,6.99842,43.58827
564,BSS004EYHC,Double U,,73.0,13.24,1.71,0.1432,1.98,,,2.79791839,48.08842324
1277,BSS004LNGY,Double U,168.0,69.0,14.72,2.612,0.1318,2.35,,,0.2676,49.41795
1290,BSS004LHKS,Double U,120.0,67.0,13.02,3.03,0.105,2.3,,,1.685235,42.786501
744,BSS004GFUK,Double U,150.0,25.0,17.64,2.161,0.0778,2.079,,,6.623833,43.263102
773,BSS003OYUO,Double U,150.0,94.0,14.5,2.1,0.095,2.1,,,2.19391,48.89191
1162,BSS002QBGQ,Double U,100.0,72.0,10.4,2.53,0.086,2.25,,,6.46975,47.14012
1036,BSS004KATZ,Double U,100.0,46.0,13.0,4.2,0.089,2.2,,,-0.52828,47.46718
665,BSS004JKMA,Double U,150.0,66.0,16.4,1.97,0.073,2.28,,,1.4355372,43.62868331
44,BSS003DRWK,Double U,80.0,,16.7,2.1,,,,,2.9915,43.1735
1349,BSS004KMYU,Double U,128.0,73.0,15.24,5.05,0.07,2.4,,,4.85631,45.84484
1364,BSS004LRKS,Double U,86.0,73.0,13.81,1.75,0.096,2.41,,,5.02019419,46.90047806
1351,BSS004KWEV,Double U,100.0,72.0,15.17,3.8,0.1,2.4,,,4.97891,45.72696
1304,BSS004MJQQ,Double U,192.0,69.0,14.44,2.142,0.0795,,,,2.25286,48.90388
761,BSS004CSAM,Double U,125.0,70.0,15.0,3.0,,2.11,,,-1.61812,46.46562
975,BSS004HQPW,Double U,150.0,72.0,13.68,2.8545,0.0818,2.297,,,-0.55412,47.49484
583,BSS004AYWZ,Double U,140.0,69.0,16.26,2.18,0.0065,2.2,,,1.4641,43.58106
1297,BSS004MCRN,Double U,188.0,69.0,13.07,4.298,0.0891,2.294,,,6.82874,47.7431
103,BSS003BSEO,Double U,100.0,96.0,12.5,1.82,0.106,2.3,,,4.531088,49.131149
1143,BSS004FWYS,Double U,150.0,88.0,14.4,3.69,0.093,2.2,,,2.28864,44.40927
948,BSS004GPJW,Double U,150.0,92.0,13.01,1.95,0.0849,,,,2.14928,49.03451
178,BSS003DPZY,Double U,200.0,69.0,14.95,1.69,0.11,2.04,,,2.186937,48.898445
422,BSS004BCKM,Double U,150.0,72.0,14.24,1.77,0.075,1.7,,,2.076605,48.968725
290,BSS003NYYG,Double U,89.0,72.0,16.9,1.91,0.06,2.1,,,3.284936,43.265993
868,BSS004JTGF,Double U,150.0,70.0,16.3,2.03,0.1,2.28,,,1.65671,43.64602
618,BSS003UPSK,Double U,135.0,72.0,11.5,2.98,0.1,2.29,,,6.39897,47.18235
1291,BSS004NMPJ,Double U,150.0,51.0,15.88,2.08,0.094,2.2,,,0.09616,45.60816
1084,06802X0019,Double U,70.0,71.0,6.88,12.29,0.074,2.38,,"La conductivité thermique apparente du terrain λ est supérieure à 6 W/(K.m). Une valeur aussi élevée de λ suggère un écoulement souterrain significatif. Pour rappel, l’interprétation du TRT prend en compte uniquement la conduction, mais pas le transport de chaleur par écoulement souterrain, ce qui peut conduire à une surestimation λ. Il est conseillé d’utiliser une valeur conservative de λ.",6.94567279,46.00295882
264,BSS003NYVE,Double U,155.0,67.0,18.6,2.39,0.11,2.25,,,7.437176,43.750372
1342,BSS004PJNC,Double U,141.0,48.0,13.09,2.07,0.08,2.25,,,2.80914,50.53611
411,BSS003XUJM,Double U,148.0,65.0,17.8,1.8,0.077,2.32,,,3.82416,43.62399
968,BSS004AKCV,Double U,150.0,75.0,12.3,2.41,0.108,2.55,,,4.22997,45.31976
563,BSS004APEB,Double U,150.0,49.0,12.21,5.75,0.1055,2.16,,,3.21369198,50.26576383
715,BSS004DQKZ,Double U,120.0,70.0,12.65,2.19,0.063,2.21,,,0.3893,43.1027
1360,BSS004LQSC,Double U,150.0,66.0,12.6,2.62,0.069,2.33,,,6.30817,46.0601
1229,BSS004LCZW,Double U,200.0,42.0,14.1,3.39,0.179,2.4,,,-2.30709,47.25018
1073,BSS004GCMJ,Double U,150.0,92.0,13.1,2.55,0.12,2.26,,,6.07468,45.88656
733,BSS004GZJG,Double U,142.0,72.0,12.7,2.07,0.093,2.3,,,6.10451,45.9183
1093,BSS004HZZM,Double U,150.0,69.0,16.72,2.0,0.069,2.24,,,1.41922,43.60862
355,BSS003DLTQ,Double U,140.0,84.0,13.5,1.95,0.096,2.3,,,2.18479,48.87613
186,BSS003CRRQ,Double U,99.0,72.0,12.5,2.3,0.0785,2.0,,,4.767616,48.553326
1000,BSS004EPFV,Double U,150.0,72.0,19.2,2.359,0.108,2.157,,,6.01998,43.1378
63,06586X0555,Double U,100.0,100.0,15.4,2.09,0.14,2.5,,,-0.966218,45.966544
6,BSS002PVCR,Double U,14.8,84.0,13.7,1.96,0.35,2.1,,,1.48875,48.44378
713,BSS004DBUA,Double U,150.0,68.0,12.7,2.62,0.064,2.3,,,0.48187,43.08019
589,BSS003MYBU,Double U,199.0,69.0,13.06,2.49,0.117,2.23,,,5.99587,46.25088
996,10325X0024,Double U,140.0,126.0,12.2,1.29,0.096,2.3,,,0.39497997,43.27342184
76,01641X0306,Double U,99.0,156.0,14.0,2.31,0.08,2.2,,,6.151533,49.123292
1340,BSS004PDLW,Double U,160.0,72.0,11.59,2.96,0.08,2.2,,,5.51897,45.54144
1081,BSS004KKEU,Double U,150.0,67.0,16.52,1.74,0.0935,2.2,,,-0.55398,44.87183
1101,BSS004KGFU,Double U,142.0,68.0,13.44,3.441,0.0841,2.329,,,-0.76411,48.02332
997,BSS004BDTZ,Double U,150.0,63.0,15.8,2.43,0.11,,,,3.78538,43.62232
1283,BSS004MBXQ,Double U,200.0,68.0,14.0,2.4,0.1434,2.2,,,5.801482,47.185522
1041,BSS004KGYB,Double U,200.0,72.0,14.1,2.42,0.15,2.4,,,-2.17257,47.41126
45,06387X0045,Double U,90.0,,14.5,2.5,,,,,0.564008,46.117248
760,BSS004CFFC,Double U,130.0,71.0,14.4,2.9,0.082,2.2,,,2.57244,44.36076
1358,BSS004LNBZ,Double U,198.0,72.0,15.84,2.38,0.1,2.2,,,5.38734,43.33787
428,BSS003FBEC,Double U,144.0,70.0,15.79,1.99,0.112,2.27,,,-1.30637,45.94989
208,BSS003NITM,Double U,100.0,72.0,13.5,2.05,0.126,2.1,,,2.237404,48.778299
673,BSS004BJJV,Double U,200.0,72.0,17.28,2.06,0.09,2.28,,,1.50866,43.54551
759,BSS004BXKG,Double U,118.0,70.0,12.9,1.98,0.086,2.3,,,-0.6192,47.32338
1175,BSS004KUFN,Double U,200.0,70.0,14.11,1.78,0.1114,2.24,,,2.07649,49.01603
1140,BSS003PHVE,Double U,142.0,70.0,15.45,1.71,0.109,2.25,,,-0.18571,45.21701
1015,BSS004JZAZ,Double U,150.0,72.0,16.95,2.284,0.138,2.236,,,4.31892,43.82167
832,BSS004HXRM,Double U,150.0,70.0,16.75,1.76,0.094,2.5,,,1.2423495,43.6174747
533,02612X1097,Double U,92.0,71.0,13.36,1.76,0.093,2.3,,,3.719957,48.516376
257,BSS003OBHI,Double U,125.0,47.0,15.5,1.49,0.09,2.2,,,3.086484,45.797836
1341,BSS004PEDC,Double U,102.0,78.0,12.93,4.43,0.078,2.25,,,-1.39375,48.79882
1345,BSS004KETA,Double U,145.0,71.0,12.5,2.06,0.086,2.29,,,6.068413,45.916744
1042,BSS004JSWE,Double U,200.0,118.0,14.3,3.42,0.077,2.3,,,-1.11285,47.28294
12,07521X0035,Double U,200.0,48.0,7.0,4.9,0.02,2.1,,,6.923386,45.4975
751,BSS004BDVT,Double U,120.0,48.0,16.45,2.2,0.103,2.43,,,3.90354,43.62918
1201,BSS004KACZ,Double U,110.0,68.0,13.6,2.29,0.051,2.32,,,5.03695,47.31935
77,01653X0160,Double U,99.0,144.0,12.5,2.53,0.085,2.2,,,6.720146,49.10137
992,BSS004KAST,Double U,146.0,72.0,15.99,2.846,0.1054,2.25,,,7.05659,43.62671
217,BSS003HQKO,Double U,140.0,68.0,16.85,2.5,0.037,2.49,,,-1.35477,43.65934
661,01845X0346,Double U,80.0,144.0,13.3,1.61,0.093,2.3,,,2.5890852,48.84146128
53,10906X0050,Double U,93.0,192.0,14.1,2.75,0.1,2.5,,,2.60696549,42.71838033
79,BSS003BOJI,Double U,110.0,120.0,14.3,1.98,0.075,2.4,,,2.309122,48.895555
326,BSS004AZKS,Double U,150.0,79.0,15.6,2.11,0.101,,,,-0.78403,44.497885
518,BSS004CPWA,Double U,200.0,69.0,14.32,2.43,0.08,2.2195,,,2.17135,48.56985
1139,BSS004HSNV,Double U,200.0,72.0,14.42,3.19,0.102,,,,3.28652,44.55414
495,02193X0582,Double U,198.0,96.0,15.2,1.62,0.079,2.27,,,2.340265,48.74857
863,BSS004HYMJ,Double U,150.0,48.0,16.2,2.0,0.082,,,,1.486144,43.685177
738,BSS004HHPT,Double U,148.0,49.0,11.89,3.0,0.109,2.13,,,2.45742,45.56769
1315,BSS004KJMC,Double U,150.0,48.0,16.3,2.23,0.074,2.32,,,1.547711,43.692503
1088,05042X0079,Double U,100.0,74.0,11.6,2.37,0.094,2.25,,,6.57864923,47.29266893
864,BSS004DLAJ,Double U,110.0,160.0,12.8,2.33,0.086,2.5,,,3.82618,45.16205
294,BSS003OAMG,Double U,140.0,100.0,13.5,1.93,0.097,2.5,,,5.699475,45.206622
750,BSS004BJSD,Double U,120.0,90.0,13.65,3.31,0.052,2.37,,,-1.68381,47.15469
990,BSS004JZZC,Double U,150.0,73.0,14.06,2.22,0.061,,,,2.54837,48.63409
347,BSS003AJBM,Double U,82.0,70.0,16.3,2.72,0.053,2.43,,,7.15147,43.66059
66,BSS003BMSA,Double U,98.0,72.0,14.6,1.74,0.062,2.3,,,2.272518,48.763474
165,BSS003CBBI,Double U,100.0,73.0,11.74,2.22,0.061,2.35,,,6.328618,46.108401
90,01642X0089,Double U,98.0,156.0,12.1,2.19,0.073,2.2,,,6.26425,49.07633333
1381,BSS004PWXQ,Double U,141.0,56.0,13.12,2.89,0.1109,2.4,,,6.613853,48.018464
823,BSS004HCTE,Double U,150.0,73.0,14.1,2.42,0.102,2.53,,,4.13376,45.29719
850,BSS004ASSE,Double U,150.0,71.0,14.86,3.23,0.118,,,,2.40972,44.42639
951,BSS004HFBX,Double U,150.0,73.0,17.1,1.78,0.048,2.37,,,-0.56867,44.85514
1313,BSS004KYQZ,Double U,150.0,71.0,16.06,1.98,1.0,2.24,,,1.370135,43.663906
153,BSS003DPVI,Double U,100.0,62.0,13.02,3.62,0.107,2.5,,,-2.72668655,48.52159556
1232,BSS004LFEG,Double U,127.0,69.0,13.92,3.089,0.0511,2.4,,,-1.77134,48.14815
377,BSS003MGFY,Double U,150.0,75.0,12.1,1.72,0.063,2.2,,,3.148458,50.701106
732,BSS004GZEJ,Double U,150.0,72.0,16.75,1.36,0.1072,2.133,,,7.11907,43.64698
1106,BSS004KMXW,Double U,150.0,68.0,15.9,3.08,0.084,2.26,,,2.03973,44.35241
535,BSS004CZSH,Double U,103.0,73.0,14.0,2.2,0.11,2.3,,,2.187775,48.590385
1369,BSS004PGSP,Double U,200.0,70.0,15.06,1.72,0.0981,2.2,,,2.24002,48.57593
725,BSS004FFCY,Double U,176.0,139.0,15.7,2.51,0.083,2.55,,,4.1098,46.14269
575,BSS004APEA,Double U,150.0,61.0,11.68,2.61,0.0852,2.24,,,4.62073537,49.79783888
519,BSS003KZNE,Double U,200.0,89.0,13.51,4.59,0.0758,2.2,,,6.238626,46.190049
169,BSS003CBGS,Double U,150.0,72.0,14.6,1.8,0.1,2.44,,,2.190559,48.696631
1095,BSS004KAUM,Double U,150.0,57.0,17.21,2.07,0.104,2.19,,,3.86376,43.69791
393,BSS003OEEK,Double U,100.0,100.0,13.1,2.61,0.071,2.5,,,6.146057,45.915184
1333,BSS004NVGJ,Double U,135.0,73.0,8.47,3.9,0.06,2.33,,,6.57599,45.39273
600,BSS004BKNP,Double U,150.0,71.0,14.86,2.22,0.089,2.22,,,4.59986,45.82483
1050,BSS004KAAH,Double U,163.0,69.0,13.93,1.825,0.1043,2.544,,,2.11793493,50.98275824
404,BSS003PQPQ,Double U,120.0,88.0,14.3,2.58,0.081,2.31,,,1.835739,44.919661
116,BSS003BVCC,Double U,200.0,110.0,15.61,2.32,0.085,2.2,,,4.966395,44.019253
396,BSS003OEZY,Double U,100.0,76.0,13.1,2.8,0.097,2.55,,,4.605451,45.599445
200,BSS003CSUW,Double U,25.0,72.0,14.45,2.59,0.1064,2.34,,,-1.990515,48.639935
1151,BSS004HARD,Double U,200.0,65.0,14.8,2.86,0.092,2.55,,,4.70194,46.20224
847,BSS003DWRU,Double U,150.0,65.0,17.0,2.0,0.08,,,,1.47727,43.57719
243,01285X0187,Double U,100.0,100.0,12.2,5.13,0.083,2.45,,,2.54943189,49.15597917
154,BSS003CARI,Double U,100.0,72.0,13.2,2.41,0.085,2.22,,,5.890475,47.22474
1207,BSS004BKST,Double U,125.0,48.0,16.1,2.6,0.08,2.27,,,2.05921,43.29028
273,BSS003OAIS,Double U,144.0,47.0,11.9,2.81,0.082,2.2,,,6.118685,45.971959
619,BSS003FVJM,Double U,96.0,72.0,12.3,2.09,0.09,2.29,,,5.05274,47.38441
614,BSS004DKQZ,Double U,103.0,66.0,8.89,3.84,0.107,2.4,,,6.07266,45.09213
894,BSS004JLLY,Double U,194.0,73.0,13.86,1.69,0.095,2.1,,,2.19246,48.82224
1269,BSS004LPQF,Double U,150.0,71.0,15.4,1.95,0.099,2.26,,,0.33619,45.24428
365,BSS003HWWG,Double U,200.0,96.0,16.6,1.84,0.078,2.3,,,1.37014,43.66545
1044,BSS004DKPR,Double U,103.0,66.0,13.28,2.18,0.044,2.21,,,1.90938,48.83812
1032,BSS004CWQW,Double U,200.0,74.0,14.4,13.1,0.084,2.35,,"La conductivité thermique apparente du terrain λ est supérieure à 6 W/(K.m). Une valeur aussi élevée de λ suggère un écoulement souterrain significatif. Pour rappel, l’interprétation du TRT prend en compte uniquement la conduction, mais pas le transport de chaleur par écoulement souterrain, ce qui peut conduire à une surestimation λ. Il est conseillé d’utiliser une valeur conservative de λ.",2.41195,48.89693
132,BSS003BZEC,Double U,100.0,72.0,11.5,5.83,0.09,2.13,,,6.827221,47.743716
1235,BSS004LMUW,Double U,190.0,117.0,13.2,3.55,0.109,2.3,,,-0.52391,47.52669
893,BSS004JECN,Double U,180.0,72.0,13.09,2.37,0.08,,,,2.94199,45.95955
155,06452X0136,Double U,120.0,65.0,13.21,5.32,0.071,2.5,,,2.968531,46.170484
1035,BSS004JSEN,Double U,200.0,49.0,14.1,2.88,0.107,2.3,,,-0.59311,47.49846
679,BSS004DMPT,Double U,120.0,75.0,13.75,3.94,0.065,2.25,,,-1.64154,49.64359
1384,BSS004QDGV,Double U,200.0,68.0,15.05,3.57,0.098,2.2,,,-0.541623,47.441751
828,BSS004HMXX,Double U,150.0,68.0,14.3,2.78,0.094,2.36,,,-1.41353,46.93306
461,BSS004CYDY,Double U,157.0,67.0,12.65,1.97,0.07,2.2,,,4.05308,49.24419
456,BSS003MSVQ,Double U,139.0,70.0,14.28,2.89,0.074,2.5,,,4.75389,45.81203
952,BSS004GCTW,Double U,187.0,72.0,15.4,3.55,0.073,2.33,,,-1.55035,43.4464
667,BSS004CDMR,Double U,146.0,68.0,16.5,1.96,0.102,2.32,,,1.45755,43.65497
453,BSS004CFTX,Double U,140.0,71.0,16.78,1.4,0.091,2.2,,,3.33464,45.92517
530,BSS004DAMH,Double U,120.0,93.0,7.12,2.56,0.0912,2.2,,,6.326505,45.964896
214,BSS003ATNU,Double U,150.0,71.0,16.31,2.17,0.109,2.48,,,1.47466,43.56961
357,BSS003DTIW,Double U,70.0,96.0,12.0,2.15,0.09,2.34,,,4.81397,50.12287
716,BSS004CWGL,Double U,80.0,66.0,13.9,20.17,0.039,2.21,,"La conductivité thermique apparente du terrain λ est supérieure à 6 W/(K.m). Une valeur aussi élevée de λ suggère un écoulement souterrain significatif. Pour rappel, l’interprétation du TRT prend en compte uniquement la conduction, mais pas le transport de chaleur par écoulement souterrain, ce qui peut conduire à une surestimation λ. Il est conseillé d’utiliser une valeur conservative de λ.",2.14289,47.92603
1149,BSS004HWGZ,Double U,110.0,72.0,16.55,1.86,0.0861,2.48,,,-0.65342,44.77899
402,BSS003OYAO,Double U,100.0,43.0,12.8,2.06,0.086,2.25,,,-0.31448333,49.28598333
1131,BSS004KNBV,Double U,200.0,69.0,13.76,2.39,0.1221,2.28,,,-0.82278,44.70357
1110,BSS004DCSX,Double U,150.0,72.0,15.67,7.767,0.0845,2.179,,"La conductivité thermique apparente du terrain λ est supérieure à 6 W/(K.m). Une valeur aussi élevée de λ suggère un écoulement souterrain significatif. Pour rappel, l’interprétation du TRT prend en compte uniquement la conduction, mais pas le transport de chaleur par écoulement souterrain, ce qui peut conduire à une surestimation λ. Il est conseillé d’utiliser une valeur conservative de λ.",4.54315,43.95631
146,BSS003CALI,Double U,100.0,73.0,14.01,1.47,0.046,2.25,,,2.404405,48.638822
586,BSS004AKJV,Double U,140.0,72.0,13.3,1.57,0.09,2.3,,,2.57152,48.69769
678,BSS004DLTE,Double U,190.0,,14.7,2.97,0.081,2.55,,,4.00338,45.7438
664,BSS004JKLT,Double U,150.0,68.0,16.2,1.99,0.078,2.29,,,1.38755473,43.56022724
1284,BSS004KZDY,Double U,150.0,,15.9,2.0,0.116,2.25,,,0.66369,45.53671
1246,BSS004GJUR,Double U,120.0,72.0,12.6,2.45,0.074,2.28,,,6.02257,47.34629
94,BSS003BRLI,Double U,197.0,96.0,14.7,2.65,0.07,2.3,,,-2.007262,48.647062
841,BSS004HZPE,Double U,150.0,66.0,17.1,1.97,0.065,2.34,,,-0.59969,44.94758
292,BSS003NYZU,Double U,97.0,72.0,17.2,1.84,0.139,2.1,,,3.287597,43.264266
680,BSS004EGKC,Double U,150.0,68.0,19.0,1.72,0.076,2.51,,,2.99676,42.70221
1167,BSS004KNTC,Double U,150.0,69.0,13.44,3.558,0.0698,2.55,,,-0.56002,48.29849
636,BSS003ODIC,Double U,130.0,70.0,14.4,3.11,0.104,2.35,,,-1.504865,47.274484
1075,BSS004EDGU,Double U,140.0,92.0,13.8,3.08,0.096,2.2,,,3.26274,44.52611
47,BSS002PTGH,Double U,100.0,,16.7,2.1,,,,,1.29492,43.76954
1157,BSS004KHNJ,Double U,180.0,74.0,13.16,2.32,0.09,1.89,,,6.1656,45.92876
491,BSS003GJNE,Double U,140.0,71.0,13.27,2.51,0.1283,2.09,,,5.92671,45.72666
1370,BSS004PHBR,Double U,100.0,77.0,15.3,26.34,0.081,2.4,,"La conductivité thermique apparente du terrain λ est supérieure à 6 W/(K.m). Une valeur aussi élevée de λ suggère un écoulement souterrain significatif. Pour rappel, l’interprétation du TRT prend en compte uniquement la conduction, mais pas le transport de chaleur par écoulement souterrain, ce qui peut conduire à une surestimation λ. Il est conseillé d’utiliser une valeur conservative de λ.",3.07244163,45.76904693
36,07152X0028,Double U,100.0,,11.1,3.6,,,,,2.26017957,45.69921317
1109,BSS004CYWT,Double U,103.0,72.0,11.86,2.87,0.082,2.25,,,-2.72169,48.55338
289,BSS003NYMS,Double U,100.0,48.0,5.25,16.57,0.08,2.15,,"La conductivité thermique apparente du terrain λ est supérieure à 6 W/(K.m). Une valeur aussi élevée de λ suggère un écoulement souterrain significatif. Pour rappel, l’interprétation du TRT prend en compte uniquement la conduction, mais pas le transport de chaleur par écoulement souterrain, ce qui peut conduire à une surestimation λ. Il est conseillé d’utiliser une valeur conservative de λ.",6.977495,45.443973
903,BSS004JREX,Double U,188.0,42.0,14.6,2.7,0.065,2.2,,,0.27578,47.8266
485,BSS003IIDM,Simple U,99.8,92.0,12.2,2.52,0.105,2.1,,,1.5778,50.69653
945,BSS004DECB,Double U,128.0,71.0,12.75,2.38,0.067,2.34,,,0.87981,45.0092
1155,BSS004KFRB,Double U,175.0,69.0,14.6,3.05,0.1,2.21,,,6.1698,48.71542
1214,BSS004HWXY,Double U,98.0,48.0,12.03,2.03,0.072,2.25,,,-0.3594,49.21951
150,BSS003DPSA,Double U,30.0,68.0,14.78,2.87,0.082,2.45,,,-1.53260698,47.20852806
1210,BSS004KUCG,Double U,150.0,66.0,15.54,3.24,0.09,2.14,,,4.28659,46.66338
986,BSS004JNWR,Double U,200.0,117.0,14.2,3.17,0.078,2.4,,,-1.42707,46.67471
1266,BSS004LUPH,Double U,150.0,57.0,15.39,2.64,0.08,,,,4.80203,45.77102
1236,BSS004LPBW,Double U,200.0,70.0,14.46,2.37,0.086,2.32,,,4.36591,45.42096
1124,BSS004KGNH,Double U,130.0,70.0,13.23,2.646,0.1051,2.55,,,-2.73853,48.50556
134,BSS003DQKS,Double U,75.0,66.0,10.87,2.72,0.18,2.38,,,1.801929,50.731186
16,09838X3565,Double U,98.0,60.0,16.4,2.03,0.119,2.25,,,1.3829216,43.6261717
1372,BSS004PJBW,Double U,81.0,52.0,13.93,4.37,0.075,2.25,,,-0.86309,48.85409
1337,BSS004NYZV,Double U,49.5,48.0,13.08,1.79,0.062,2.25,,,3.19086,50.6938
145,05806X0016,Double U,100.0,72.0,13.4,1.83,0.067,2.15,,,5.20808954,46.61807196
353,BSS003CTFQ,Double U,140.5,71.0,16.04,7.76,0.077,2.4,,"La conductivité thermique apparente du terrain λ est supérieure à 6 W/(K.m). Une valeur aussi élevée de λ suggère un écoulement souterrain significatif. Pour rappel, l’interprétation du TRT prend en compte uniquement la conduction, mais pas le transport de chaleur par écoulement souterrain, ce qui peut conduire à une surestimation λ. Il est conseillé d’utiliser une valeur conservative de λ.",2.36662,48.90623
462,BSS004AQAF,Double U,120.0,31.0,16.9,1.76,0.082,2.3354166666666667,,,1.39376,43.62366
352,BSS003CCBM,Double U,114.0,92.0,18.3,1.78,0.083,2.52,,,2.88765,42.6659
1005,BSS004JRPH,Double U,200.0,91.0,14.45,2.65,0.09,2.26,,,6.26052,46.17374
220,BSS003IPIA,Double U,110.0,139.0,12.51,3.32,0.103,2.5,,,1.58356,45.22967
1111,BSS004DNBA,Double U,200.0,77.0,13.4,2.76,0.175,2.3,,,-0.52618,47.4258
592,BSS004AXCU,Double U,150.0,67.0,14.5,2.26,0.067,2.32,,,-0.3751,45.06753
621,BSS003OYVI,Double U,140.0,45.0,12.25,2.58,0.088,2.25,,,5.65734,45.34687
1059,BSS004KGAR,Double U,100.0,72.0,10.85,3.29,0.07,2.18,,,3.048363,45.835847
959,BSS004JWQE,Double U,150.0,71.0,15.26,1.74,0.07,2.25,,,4.06985,46.01144
420,BSS004AYYK,Double U,150.0,73.0,14.5,1.9,0.083,2.28,,,2.213696,48.899965
897,BSS002PZVZ,Double U,109.0,69.0,13.8,1.6,0.11,2.0,,,2.41685,48.624113
1355,BSS004LEQV,Double U,150.0,65.0,12.2,3.29,0.093,2.55,,,2.75529,44.80341
121,BSS003BVOA,Double U,137.0,93.0,13.46,8.26,0.051,2.1,,"La conductivité thermique apparente du terrain λ est supérieure à 6 W/(K.m). Une valeur aussi élevée de λ suggère un écoulement souterrain significatif. Pour rappel, l’interprétation du TRT prend en compte uniquement la conduction, mais pas le transport de chaleur par écoulement souterrain, ce qui peut conduire à une surestimation λ. Il est conseillé d’utiliser une valeur conservative de λ.",2.653718,48.523561
539,BSS003UDGS,Double U,195.0,45.0,14.5,1.9,0.06,2.1,,,2.07658,49.04215
1099,BSS004KGDX,Double U,146.0,72.0,13.99,2.24,0.09,2.6,,,4.69217,45.95453
578,BSS004AXNS,Double U,30.0,72.0,15.37,1.92,0.087,2.29,,,-0.53266992,44.75748501
1312,BSS004LTYW,Double U,110.0,72.0,15.68,2.28,0.079,2.38,,,1.65774386,43.64701067
1231,BSS004LPEM,Double U,200.0,69.0,13.29,2.32,2.0,2.2,,,6.05784,47.26306
756,BSS004AZYX,Double U,92.0,48.0,15.55,2.26,0.096,,,,4.79778,44.1339
176,BSS003DPXQ,Double U,38.5,48.0,13.7,2.82,0.114,2.1,,,4.391469,45.446264
1278,BSS004LNJG,Double U,160.0,48.0,15.22,2.57,0.068,2.44,,,1.016557,43.19637
977,BSS004JWVT,Double U,150.0,39.0,15.15,1.81,0.093,2.22,,,4.98349,47.17186
779,BSS004GHLX,Double U,200.0,121.0,12.4,1.8,0.12,2.3,,,2.76107,49.35178
164,BSS003CAZU,Double U,140.0,68.0,9.58,3.0,0.084,2.5,,,3.475467,44.84824
398,BSS003OHIS,Double U,120.0,72.0,15.8,1.82,0.087,2.5,,,1.347745,43.69636
568,BSS004AJWU,Double U,200.0,42.0,14.76,2.24,0.1196,2.2,,,5.22484,45.61748
1331,BSS004NRGH,Double U,200.0,72.0,14.77,3.6,0.1,2.3,,,-0.61963,47.46572
246,BSS003NVWA,Double U,80.0,68.0,13.3,3.79,0.174,2.25,,,1.899101,48.83384
213,BSS003BWSA,Double U,100.0,72.0,13.73,2.02,0.006,2.02,,,5.69997,46.83356
597,BSS004FGBJ,Double U,199.0,69.0,13.82,2.79,0.071,2.5,,,6.23856189,46.19009965
417,BSS004AQHS,Double U,200.0,73.0,13.2,1.78,0.075,2.11,,,2.2549,48.78531
782,BSS004GLWA,Double U,161.0,47.0,11.8,3.45,0.117,2.4,,,2.36468,44.91516
274,BSS003OAQC,Double U,100.0,71.0,13.15,2.2,0.093,2.25,,,5.968982,47.219075
18,BSS002PYZL,Double U,108.0,11.0,12.7,2.61,0.082,2.65,,,-2.006381,48.646829
72,BSS002PVYP,Double U,124.0,132.0,6.3,7.39,0.09,2.5,,"La conductivité thermique apparente du terrain λ est supérieure à 6 W/(K.m). Une valeur aussi élevée de λ suggère un écoulement souterrain significatif. Pour rappel, l’interprétation du TRT prend en compte uniquement la conduction, mais pas le transport de chaleur par écoulement souterrain, ce qui peut conduire à une surestimation λ. Il est conseillé d’utiliser une valeur conservative de λ.",6.927119,45.495645
595,BSS004AJVL,Double U,101.0,73.0,13.77,1.81,0.073,2.47,,,1.97859,47.91995
703,BSS004FHNR,Double U,110.0,72.0,11.76,2.02,0.059,2.25,,,6.02015,46.27057
635,BSS004EGFS,Double U,150.0,67.0,14.6,3.35,0.11,2.4,,,-2.00878,48.64258
1062,BSS004HPWZ,Double U,200.0,72.0,12.67,2.34,0.08,2.25,,,6.02331,46.26637
96,BSS003BRPE,Double U,297.0,96.0,14.1,3.19,0.082,2.4,,,-4.361293,48.457722
998,BSS004ELTN,Double U,129.0,61.0,15.4,2.01,0.079,2.47,,,4.8812,45.07031
341,09834X0793,Double U,100.0,70.0,15.2,1.88,0.09,2.4,,,1.37118284,43.66214223
282,BSS003OBOS,Double U,100.0,72.0,13.75,2.33,0.05,,,,4.948281,47.080866
27,BSS002PTHG,Double U,150.0,72.0,13.35,3.0,0.11,2.55,,,-1.62713,47.23127
1227,BSS004KYKU,Double U,150.0,72.0,16.2,2.44,0.106,2.5,,,-3.36819,47.74977
1281,BSS004LSTB,Double U,195.0,45.0,16.4,2.3,0.125,2.2,,,-0.36508,43.32187
381,BSS003NECS,Double U,180.0,67.0,15.9,2.25,0.085,2.32,,,1.37247,44.03609
1223,BSS004KUNC,Double U,150.0,72.0,16.91,2.2,0.092,2.32,,,1.4302,43.72337
1086,BSS003XGJU,Double U,120.0,72.0,14.61,2.83,0.091,2.38,,,3.42837,45.78456
151,BSS003DQDU,Double U,120.0,58.0,10.2,3.1,0.07,2.25,,,5.799455,46.142781
1335,BSS004NXXC,Double U,115.0,48.0,14.5,2.2,0.067,2.25,,,1.16789,46.99011
1373,BSS004PKDM,Double U,200.0,48.0,14.41,3.07,0.092,2.25,,,-0.41152,47.32094
774,BSS004AQJM,Double U,200.0,96.0,16.56,2.02,0.097,2.48,,,0.59221,43.65137
534,BSS003QGGK,Double U,131.0,81.0,12.31,1.99,0.14,2.3,,,-1.73824,47.10528
831,BSS004JGAZ,Double U,92.0,65.0,14.2,1.96,0.1109,2.25,,,1.39906,47.27552
1072,BSS004JZXM,Double U,150.0,48.0,15.8,2.48,0.087,2.29,,,1.72602,43.83232
1383,BSS004QAZZ,Double U,100.0,48.0,12.95,3.05,0.089,2.2,,,-0.504954,47.389461
1033,BSS004EWMW,Double U,150.0,62.0,14.2,2.72,0.094,2.55,,,4.4662,45.73809
730,BSS004GXYK,Double U,143.0,64.0,12.6,2.67,0.104,2.21,,,6.12502,45.93597
577,BSS004CPQW,Double U,144.0,70.0,12.4,2.02,0.096,2.06,,,1.88188,48.58233
464,BSS004CJRX,Double U,150.0,70.0,13.5,1.86,0.088,2.395,,,2.77739626,50.6595563
984,BSS004JMSF,Double U,200.0,50.0,12.79,2.85,0.1529,2.2,,,6.05349,46.32706
236,BSS003NSYC,Double U,100.0,165.0,11.9,1.93,0.089,2.5,,,7.438392,47.549196
1022,BSS004KBYN,Double U,163.0,42.0,14.25,5.86,0.101,2.43,,,2.2482,48.90958
202,BSS003CTAK,Double U,17.0,90.0,12.97,3.13,0.0877,2.28,,,1.071295,49.441467
754,BSS004AYHL,Double U,200.0,72.0,15.25,2.76,0.103,2.3,,,1.43582,44.44962
263,BSS003NYRI,Double U,150.0,100.0,18.2,2.48,0.09,2.25,,,7.414873,43.735225
1129,BSS004KJPK,Double U,130.0,68.0,13.63,6.43,0.088,2.11,,"La conductivité thermique apparente du terrain λ est supérieure à 6 W/(K.m). Une valeur aussi élevée de λ suggère un écoulement souterrain significatif. Pour rappel, l’interprétation du TRT prend en compte uniquement la conduction, mais pas le transport de chaleur par écoulement souterrain, ce qui peut conduire à une surestimation λ. Il est conseillé d’utiliser une valeur conservative de λ.",-2.86163,47.64715
1027,BSS004BJRU,Double U,152.0,96.0,17.9,1.2,0.095,2.25,,,3.09381,45.8341
367,BSS003IPJU,Double U,90.0,72.0,14.22,1.51,0.053,2.22,,,0.46081,47.34644
702,BSS004FCEC,Double U,150.0,66.0,13.5,1.66,0.088,2.36,,,1.0181195,48.462972
675,BSS004CNGK,Double U,130.0,60.0,13.55,2.38,0.076,2.5,,,1.68546,44.79945
104,BSS003BSFI,Double U,205.0,96.0,16.9,1.99,0.069,2.4,,,1.37336,43.642329
320,BSS003OBLQ,Double U,100.0,70.0,11.8,1.52,0.1,2.25,,,4.303288,48.517101
1025,BSS004KDRV,Double U,140.0,72.0,14.97,3.095,0.0713,2.55,,,-2.07513,47.31876
963,BSS004BYSH,Double U,150.0,70.0,11.3,2.7,0.104,2.54,,,2.85158,44.68083
1056,BSS004KKMV,Double U,154.0,74.0,13.79,2.01,0.079,2.37,,,2.47765,48.88746
334,01831D0692,Double U,200.0,168.0,14.5,1.69,0.103,2.4,,,2.21470839,48.90113228
391,BSS003ODXM,Double U,100.0,91.0,14.04,2.85,0.076,2.45,,,2.212492,48.900365
601,BSS004BBDE,Double U,101.0,71.0,14.62,2.43,0.093,2.2,,,5.0443,43.438
767,BSS004AMLS,Double U,150.0,66.0,16.55,2.2,0.13,2.36,,,1.36823,44.01411
416,BSS004AQGJ,Double U,150.0,69.0,9.9,2.57,0.091,2.55,,,6.88963,48.05802
1023,BSS004KCJC,Double U,150.0,69.0,19.1,2.71,0.107,2.39,,,6.00913603,43.12269407
33,BSS003CWES,Double U,100.0,93.0,15.5,2.04,0.058,2.0,,,-0.059024,47.328315
719,BSS004EGWB,Double U,150.0,48.0,17.09,2.19,0.095,2.31,,,1.36411,43.91883
553,01842X0305,Double U,119.0,72.0,13.3,16.0,0.07,2.2,,"La conductivité thermique apparente du terrain λ est supérieure à 6 W/(K.m). Une valeur aussi élevée de λ suggère un écoulement souterrain significatif. Pour rappel, l’interprétation du TRT prend en compte uniquement la conduction, mais pas le transport de chaleur par écoulement souterrain, ce qui peut conduire à une surestimation λ. Il est conseillé d’utiliser une valeur conservative de λ.",2.687982,48.946454
565,BSS004BTTW,Double U,150.0,69.0,12.6,9.25,0.131,2.2,,"La conductivité thermique apparente du terrain λ est supérieure à 6 W/(K.m). Une valeur aussi élevée de λ suggère un écoulement souterrain significatif. Pour rappel, l’interprétation du TRT prend en compte uniquement la conduction, mais pas le transport de chaleur par écoulement souterrain, ce qui peut conduire à une surestimation λ. Il est conseillé d’utiliser une valeur conservative de λ.",2.9848609,49.73864119
122,05972X0011,Double U,160.0,90.0,14.7,2.6,0.097,2.17,,,3.048889,46.579445
1080,BSS004KHTD,Double U,192.0,70.0,12.87,3.21,0.089,2.23,,,3.74981,46.57525
668,BSS004BJAM,Double U,150.0,48.0,16.26,2.09,0.09,2.31,,,1.8589,43.65022
139,BSS002PYZJ,Double U,56.4,75.0,11.3,1.7,0.057,2.24,,,3.524561,50.330803
1368,BSS004PFVZ,Double U,100.0,71.0,8.21,1.89,0.1,2.15,,,6.00037,46.36777
158,BSS003DQJY,Double U,100.0,48.0,14.0,1.82,0.065,2.5,,,4.852593,46.788915
1314,09845X1506,Double U,100.0,84.0,16.0,1.95,0.08,,,,1.47697691,43.56203144
166,BSS003CBFE,Double U,100.0,70.0,11.0,3.13,0.094,2.2,,,5.939447,46.778351
991,BSS004JZYA,Double U,150.0,68.0,15.6,2.2,0.078,2.51,,,-1.0055079,44.688202
40,06596X0100,Double U,110.0,,15.8,1.8,,,,,-0.629096,45.969041
458,BSS003MSTI,Double U,192.0,70.0,12.47,2.39,0.087,2.183854166666667,,,6.22104,45.9108
723,BSS004ERAG,Double U,197.0,72.0,18.22,3.006,0.118,2.214,,,6.32347,43.38523
1354,BSS004LCMV,Double U,200.0,72.0,16.5,2.76,0.099,2.54,,,4.82878949,45.69636014
1147,BSS004CGEZ,Double U,200.0,70.0,11.7,2.67,0.095,2.55,,,4.4214,45.34196
560,BSS004EYFS,Double U,100.0,72.0,13.24,2.75,0.0961,2.2,,,4.70489126,46.71417753
1077,BSS004KBXL,Double U,150.0,48.0,15.52,2.23,0.11,2.2,,,1.287072,43.585108
506,BSS004DBGW,Double U,100.0,72.0,16.9,1.511,0.11,2.105,,,4.50536389,43.81730833
449,BSS003ACTY,Double U,140.0,72.0,12.85,1.84,0.0747,2.2,,,4.79257,49.69915
1241,BSS004LSCH,Double U,90.0,72.0,12.53,3.13,0.079,2.26,,,-2.91438,48.35193
1215,BSS004JMYM,Double U,148.0,71.0,16.12,2.42,0.067,2.5,,,-1.14052,44.61245
286,BSS003ODIW,Double U,100.0,69.0,12.9,3.0,0.06,,,,6.925963,48.300549
1242,BSS004LTES,Double U,200.0,72.0,14.85,1.78,0.1161,2.22,,,2.357069,48.707793
1179,BSS004KWJN,Double U,200.0,72.0,15.01,2.52,0.095,2.29,,,2.380472,48.715899
324,01673X0086,Double U,100.0,54.0,10.3,3.93,0.088,2.2,,,7.435047,49.059758
755,BSS004AYTG,Double U,150.0,71.0,16.6,1.94,0.11,2.45,,,1.48436,43.5596
410,BSS003WWOG,Double U,140.0,140.0,14.35,2.53,0.053,2.5,,,5.18285,45.73204
1102,BSS004KGPJ,Double U,200.0,64.0,16.48,2.581,0.1352,2.249,,,4.38360861,43.84349837
1159,BSS004KHYE,Double U,150.0,70.0,13.69,2.57,0.084,2.19,,,2.03792,44.43891
964,BSS004FVFV,Double U,180.0,71.0,13.38,3.42,0.106,,,,-3.35074,47.80755
125,BSS003BXRQ,Double U,177.0,116.0,18.1,1.3,0.086,2.1,,,3.337331,45.924143
123,05001X0655,Double U,99.8,108.0,13.7,2.31,0.085,2.1,,,5.077223,47.314444
1122,BSS004KDTM,Double U,180.0,69.0,14.01,2.14,0.0783,2.24,,,2.25741,48.93183
695,BSS004BLNW,Double U,90.0,30.0,14.5,7.4,0.04,2.1,,"La conductivité thermique apparente du terrain λ est supérieure à 6 W/(K.m). Une valeur aussi élevée de λ suggère un écoulement souterrain significatif. Pour rappel, l’interprétation du TRT prend en compte uniquement la conduction, mais pas le transport de chaleur par écoulement souterrain, ce qui peut conduire à une surestimation λ. Il est conseillé d’utiliser une valeur conservative de λ.",3.12778,48.73926
1104,BSS004KRJF,Double U,127.0,72.0,12.04,2.54,0.107,2.26,,,3.69486,50.12486
1362,BSS004LQZX,Double U,137.0,74.0,15.81,2.07,0.133,2.5,,,-0.37897,45.01552
124,04817X2069,Double U,120.0,88.0,14.75,2.92,0.118,2.13,,,-1.60473826,47.20127773
706,BSS004GEQL,Double U,150.0,65.0,14.9,3.23,0.093,2.55,,,4.26026,45.50973
859,BSS004BKJQ,Double U,150.0,45.0,16.3,2.08,0.098,,,,1.46602,43.55249
74,BSS003BOEC,Double U,99.7,120.0,16.7,1.8,0.082,2.3,,,3.93662676,43.57955074
1125,BSS004KGSS,Double U,135.0,72.0,14.8,2.8,0.108,2.55,,,-0.25684,46.63953
838,BSS004HNDK,Double U,200.0,70.0,15.18,3.4,0.124,2.2,,,6.84613,47.66247
1211,BSS004KVRA,Double U,171.0,73.0,15.86,1.59,0.105,2.3,,,2.371674,48.758358
531,BSS004DALJ,Double U,140.0,89.0,12.1,1.79,0.054,2.111428571428571,,,2.43169,49.36322
1172,BSS004KTTH,Double U,185.0,72.0,16.76,1.926,0.1076,2.19,,,5.4071406,43.25776579
598,BSS004ANGW,Double U,150.0,60.0,16.5,1.8,0.073,2.21,,,1.37341,43.65447
269,BSS003NZVI,Double U,100.0,71.0,12.45,2.14,0.075,2.25,,,4.387101,48.096405
830,BSS004JECL,Double U,150.0,72.0,14.92,3.46,0.072,2.42,,,-2.74971,47.66523
1273,BSS004MDEL,Double U,192.0,69.0,13.45,2.408,0.0959,2.217,,,1.48266,48.4738
1112,BSS004HZEU,Double U,200.0,86.0,13.68,3.29,0.103,2.5,,,-2.77301,47.75685
1097,BSS004KDGK,Double U,100.0,72.0,14.15,3.31,0.11,2.36,,,-0.3867,46.83114
390,BSS003ODNQ,Double U,99.0,70.0,12.6,1.62,0.1,2.4,,,2.029803,49.040625
225,BSS003IWJU,Double U,110.0,72.0,9.12,5.55,0.053,2.24,,,6.4803,45.18291
171,07398X0030,Double U,180.0,48.0,13.38,3.47,0.096,2.5,,,2.508851,45.380704
1141,BSS004BLWD,Double U,104.0,72.0,13.41,3.56,0.074,2.29,,,-1.75129,47.89652
871,BSS004EHYV,Double U,150.0,67.0,15.1,2.65,0.092,2.55,,,2.04021,44.23105
647,BSS004GWCZ,Double U,130.0,71.0,14.2,2.01,0.096,2.25,,,5.11566805,47.27824242
405,BSS003QAMO,Double U,111.0,70.0,11.82,2.69,0.0839,2.24,,,3.51583,50.31876
637,BSS004EGSB,Double U,160.0,69.0,14.82,3.22,0.079,2.71,,,1.97643,46.58261
127,06546X0135,Double U,99.0,88.0,11.73,2.6,0.104,2.1,,,6.2244291,46.15304437
969,BSS004AMNW,Double U,153.0,70.0,12.94,3.0,0.091,2.11,,,0.86928,45.73532
1245,BSS004LNPY,Double U,100.0,49.0,7.15,7.67,0.075,2.3,,"La conductivité thermique apparente du terrain λ est supérieure à 6 W/(K.m). Une valeur aussi élevée de λ suggère un écoulement souterrain significatif. Pour rappel, l’interprétation du TRT prend en compte uniquement la conduction, mais pas le transport de chaleur par écoulement souterrain, ce qui peut conduire à une surestimation λ. Il est conseillé d’utiliser une valeur conservative de λ.",6.57158,45.29639
240,BSS003NUHM,Double U,100.0,89.0,9.0,2.56,0.102,2.25,,,6.544194,47.059417
769,BSS002PVCV,Double U,100.0,76.0,13.1,2.8,0.097,2.55,,,4.60575,45.59962
775,BSS004CEZL,Double U,120.0,72.0,12.8,2.801,0.10012,2.225,,,5.65296,43.82161
253,BSS003NXMO,Double U,100.0,71.0,14.2,2.08,0.056,2.4,,,2.45385,48.892185
1108,BSS004AKCX,Double U,100.0,72.0,17.7,1.75,0.093,2.51,,,3.00964,42.55555
1188,BSS004LELP,Double U,120.0,67.0,15.18,2.5,0.058,2.49,,,5.22482,46.20953
1359,BSS004LPJZ,Double U,150.0,72.0,13.4,1.91,0.078,2.29,,,2.251209,48.874395
270,BSS003NZXQ,Double U,100.0,88.0,12.4,1.83,0.097,2.25,,,4.522628,48.834647
625,BSS004BFJZ,Double U,150.0,57.0,16.08,2.03,0.082,2.36,,,1.36867,43.57544
852,BSS004EAUW,Double U,140.0,23.0,15.3,1.85,0.1,,,,2.13491,43.70781
994,BSS004KBWA,Double U,200.0,70.0,14.8,2.54,0.129,2.3,,,-1.8169,46.98833
344,BSS002PUZX,Double U,115.0,70.0,9.79,2.6,0.08,2.2,,,6.73373,43.79817
731,BSS004GYMY,Double U,150.0,70.0,13.83,2.65,0.09,2.1,,,4.69022,45.93798
1361,BSS004LRAA,Double U,150.0,48.0,16.71,2.27,0.084,2.39,,,3.013678,43.195088
884,BSS004CPRJ,Double U,150.0,61.0,16.7,2.23,0.092,2.32,,,4.10124,43.71796
1216,BSS004JTEY,Double U,110.0,72.0,13.6,2.75,0.055,2.25,,,-1.56352,48.83689
110,BSS003DPWC,Double U,56.0,72.0,12.4,2.1,0.0836,2.3,,,-1.717806,48.117576
676,BSS004CXTY,Double U,150.0,72.0,12.55,1.902,0.0879,2.153,,,2.81745,50.53725
7,BSS002PVCS,Double U,100.0,48.0,12.63,36.64,0.06,2.5,,"La conductivité thermique apparente du terrain λ est supérieure à 6 W/(K.m). Une valeur aussi élevée de λ suggère un écoulement souterrain significatif. Pour rappel, l’interprétation du TRT prend en compte uniquement la conduction, mais pas le transport de chaleur par écoulement souterrain, ce qui peut conduire à une surestimation λ. Il est conseillé d’utiliser une valeur conservative de λ.",1.879252,47.915825
363,BSS003HJUG,Double U,180.0,92.0,16.2,2.25,0.099,2.25,,,1.3229,43.60077
1350,BSS004KSZB,Double U,150.0,91.0,9.15,2.63,0.072,2.22,,,6.4305,45.90536
141,BSS003BZZQ,Double U,99.0,73.0,13.55,2.37,0.108,2.37,,,2.38977,48.894535
1103,BSS004KHVA,Double U,132.0,71.0,12.77,1.74,0.099,2.3,,,5.86372,46.0614
57,BSS003BMQS,Double U,8.9,110.0,19.1,1.95,0.0,2.3,,,4.378124,43.834642
71,BSS003BOAC,Double U,199.0,144.0,10.9,2.91,0.073,2.5,,,6.081219,45.157258
99,06334X0110,Double U,248.0,96.0,17.3,1.88,0.096,2.4,,,-1.150405,46.184062
989,BSS004JLZT,Double U,100.0,72.0,15.65,2.14,0.07,,,,5.7663254,45.2124395
1371,BSS004PHKP,Double U,136.0,71.0,13.6,3.31,0.093,2.3,,,-0.63218,47.30578
1264,BSS004LMKS,Double U,110.0,69.0,13.8,3.41,0.105,2.35,,,-1.17149,46.85514
966,BSS004JZCH,Double U,190.0,74.0,18.42,1.19,0.05,1.55,,,3.170427,45.849655
1274,BSS004MEMN,Double U,200.0,48.0,15.31,3.46,0.105,2.1,,,-2.19946,47.30056
1298,BSS004NKGK,Double U,100.0,69.0,14.31,5.044,0.0693,2.4,,,4.03453,46.41215
865,BSS004CWDW,Double U,150.0,71.0,14.47,3.8,0.084,2.49,,,3.24049,45.54635
1063,BSS002PYDZ,Double U,141.0,,16.0,1.79,0.16,2.1,,,1.36146,43.55297
1208,BSS004LSER,Double U,140.0,69.0,13.5,2.57,0.09,2.27,,,6.141798,45.920318
1356,BSS004LHHT,Double U,140.0,51.0,12.74,1.67,0.0999,2.127,,,2.65372,49.59136
1182,BSS004KWZJ,Double U,150.0,47.0,16.8,2.09,0.06,2.39,,,-0.57924,44.87553
238,BSS003NTSC,Double U,100.0,69.0,7.0,2.34,0.15,2.25,,,6.029237,46.460952
1176,BSS004KVSW,Double U,125.0,72.0,15.05,3.29,0.09,2.36,,,2.97141,44.46494
576,BSS004CUQX,Double U,150.0,66.0,13.39,2.46,0.1203,2.2,,,5.058141,47.268378
1376,BSS004PNHG,Double U,150.0,70.0,12.87,2.243,0.1122,2.241,,,3.14636068,50.60852343
987,BSS004JVYM,Double U,150.0,47.0,14.8,2.2,0.068,2.35,,,0.70989298,43.11190618
194,BSS003CSKC,Double U,99.0,121.0,12.16,2.11,0.0641,2.2,,,3.87568,47.675179
663,BSS004JJQY,Double U,200.0,102.0,17.0,2.12,0.084,2.27,,,1.43646253,43.66602958
1017,BSS004JZXF,Double U,109.0,79.0,13.58,2.91,0.053,2.25,,,-1.50977,48.90225
379,BSS003MWAA,Double U,150.0,64.0,13.7,2.85,0.1,2.55,,,4.16275,45.29261
421,BSS004AZGX,Double U,131.0,185.0,18.8,2.07,0.076,2.27,,,3.000442,43.244688
1166,BSS004KNGC,Double U,121.0,68.0,13.22,3.165,0.1072,2.2,,,-0.396314,48.154552
1271,BSS004LXNS,Double U,140.0,68.0,13.7,3.1,0.123,2.3,,,-1.55613,47.09084
190,BSS003CRYO,Double U,99.0,89.0,10.55,2.29,0.0892,2.2,,,5.516521,48.509452
362,BSS003HHNU,Double U,120.0,100.0,16.4,2.34,0.087,2.48,,,3.53952,43.64769
835,BSS004HUFV,Double U,200.0,70.0,13.17,2.2,0.0821,2.2,,,3.99965,48.29132
685,BSS004GUML,Double U,170.0,67.0,13.4,2.65,0.081,2.3,,,-1.59556,47.27769
770,BSS003CNBQ,Double U,150.0,69.0,12.3,2.1,0.1,2.2,,,5.36558056,49.16815
1154,BSS004KDVR,Double U,118.0,66.0,13.4,3.13,0.056,2.25,,,-1.34935,48.6947
1198,BSS004LQST,Double U,100.0,51.0,,,,,,,5.670601,45.534804
736,BSS004HEPZ,Double U,115.0,72.0,13.7,2.7,0.115,2.4,,,-1.51955,46.98723
233,BSS003NSCS,Double U,100.0,70.0,11.0,1.83,0.296,2.25,,,6.120837,48.701277
1083,01381X0408,Double U,194.0,96.0,16.4,2.33,0.072,2.4,,,6.12794444,49.273
696,BSS004CHCN,Double U,150.0,69.0,14.3,2.13,0.115,2.35,,,-0.00108,43.16489
885,BSS004HDGL,Double U,140.0,65.0,15.7,1.83,0.084,2.51,,,4.07603721,46.08796573
724,BSS004EYUA,Double U,110.0,72.0,13.2,3.31,0.082,2.3,,,-1.4435,47.78342
1013,BSS004GYTA,Double U,150.0,72.0,16.24,2.292,0.0861,2.2,,,5.00611,44.19095
532,BSS004DACG,Double U,18.0,42.0,10.6,1.53,0.386,2.057894736842105,,,1.07951,49.43706
1132,BSS004KQXB,Double U,200.0,69.0,12.93,2.47,0.1148,2.12,,,6.83548,47.74217
394,BSS003OELI,Double U,140.0,72.0,19.6,2.06,0.068,2.34,,,3.706797,43.406064
1377,BSS004PPSE,Double U,109.0,92.0,10.4,2.43,0.103,2.27,,,6.04129,49.16918
1146,BSS004HAQR,Double U,127.0,68.0,17.5,2.355,0.0683,2.248,,,3.15874,43.37161
1365,BSS004LTDJ,Double U,150.0,72.0,14.52,3.07,0.131,2.5,,,-1.42441,46.64348
1121,BSS004KCZS,Double U,60.0,75.0,12.74,6.01,0.095,2.21,,"La conductivité thermique apparente du terrain λ est supérieure à 6 W/(K.m). Une valeur aussi élevée de λ suggère un écoulement souterrain significatif. Pour rappel, l’interprétation du TRT prend en compte uniquement la conduction, mais pas le transport de chaleur par écoulement souterrain, ce qui peut conduire à une surestimation λ. Il est conseillé d’utiliser une valeur conservative de λ.",1.880156,47.935876
739,BSS004HNXL,Double U,200.0,72.0,15.8,2.21,0.08,,,,1.06742,43.28435
1230,BSS004LCYA,Double U,150.0,,12.98,2.422,0.0787,2.27,,,6.51218,43.96995
503,BSS003OCUA,Double U,100.0,51.0,12.59,2.18,0.0564,,,,5.77797,47.0334
359,BSS003EBFU,Double U,120.0,72.0,9.2,3.79,0.09,2.55,,,7.02329,48.06388
1311,BSS004MBZC,Double U,120.0,48.0,13.49,4.19,0.075,2.32,,,2.4159,48.92402
20,04793X0145,Double U,100.0,72.0,13.1,2.29,0.071,2.1,,,-2.25651964,47.2674989
895,BSS004JUJW,Double U,142.0,70.0,13.93,1.72,0.09,2.0,,,2.94282,45.57758
507,BSS003GNHI,Double U,200.0,65.0,13.3,1.99,0.0771,2.2,,,2.0424,48.90175
705,BSS004GAVB,Double U,192.0,67.0,14.88,1.86,0.079,2.06,,,2.39526,48.81574
84,BSS003BQIG,Double U,82.0,96.0,12.0,1.89,0.071,2.3,,,2.315524,49.044899
580,BSS004DLNU,Double U,150.0,67.0,13.8,5.88,0.091,2.27,,,1.83254,48.81462
520,BSS003FBJQ,Double U,138.0,72.0,13.13,34.6,0.0697,,,"La conductivité thermique apparente du terrain λ est supérieure à 6 W/(K.m). Une valeur aussi élevée de λ suggère un écoulement souterrain significatif. Pour rappel, l’interprétation du TRT prend en compte uniquement la conduction, mais pas le transport de chaleur par écoulement souterrain, ce qui peut conduire à une surestimation λ. Il est conseillé d’utiliser une valeur conservative de λ.",2.5413,48.85109
1053,BSS004KCRY,Double U,88.0,72.0,7.79,33.63,0.069,2.4,,"La conductivité thermique apparente du terrain λ est supérieure à 6 W/(K.m). Une valeur aussi élevée de λ suggère un écoulement souterrain significatif. Pour rappel, l’interprétation du TRT prend en compte uniquement la conduction, mais pas le transport de chaleur par écoulement souterrain, ce qui peut conduire à une surestimation λ. Il est conseillé d’utiliser une valeur conservative de λ.",6.87042,45.92203
812,BSS004BNSX,Double U,150.0,72.0,16.52,3.487,0.112,2.025,,,4.35817,43.83371
671,BSS004JKND,Double U,150.0,60.0,16.6,2.15,0.071,2.52,,,1.49925982,43.51723032
1303,BSS004LFEL,Double U,175.0,65.0,14.46,2.63,0.081,2.26,,,2.7007,48.47076
590,BSS003NRWK,Double U,150.0,73.0,12.84,2.67,0.102,2.25,,,6.27141,46.1819
1028,BSS004JJBW,Double U,130.0,71.0,16.6,2.42,0.072,2.44,,,2.16854214,43.89261578
30,BSS003QMBY,Double U,100.0,69.0,12.5,3.61,0.086,2.3,,,-0.641354,47.474982
538,BSS003NJOA,Double U,130.0,71.0,13.35,4.5,0.081,2.45,,,2.72625223,48.40996245
93,BSS003BRHQ,Double U,100.0,120.0,12.7,2.82,0.086,2.4,,,-4.402165,48.439657
836,BSS004HHEV,Double U,150.0,70.0,19.0,1.98,0.081,2.52,,,2.90573,42.67746
117,09404X0423,Double U,300.0,104.0,17.47,2.29,0.097,2.2,,,4.968055,44.025833
1321,BSS004LZUS,Double U,120.0,68.0,11.69,2.04,0.103,2.45,,,6.08468,46.12763
1225,BSS004KXWC,Double U,119.0,73.0,12.29,1.76,0.075,2.19,,,1.826901,50.386438
400,BSS003OKLM,Double U,100.0,72.0,15.8,1.82,0.087,2.5,,,1.531857,43.681474
570,BSS004ANQS,Double U,140.0,66.0,13.75,1.75,0.0925,1.9,,,2.33080204,50.92769167
1180,BSS004KWPT,Double U,150.0,72.0,14.06,2.46,0.1,2.2,,,6.14131,45.86402
1004,BSS004JKYN,Double U,150.0,69.0,15.6,2.02,0.127,2.29,,,6.14493,44.0514
102,04445X0674,Double U,149.0,120.0,12.5,2.07,0.089,2.3,,,6.879455,47.530296
869,BSS004EAVB,Double U,97.0,40.0,27.0,8.3,0.065,,,"La conductivité thermique apparente du terrain λ est supérieure à 6 W/(K.m). Une valeur aussi élevée de λ suggère un écoulement souterrain significatif. Pour rappel, l’interprétation du TRT prend en compte uniquement la conduction, mais pas le transport de chaleur par écoulement souterrain, ce qui peut conduire à une surestimation λ. Il est conseillé d’utiliser une valeur conservative de λ.",0.59235,42.78931
972,BSS004BYDG,Double U,150.0,111.0,16.1,2.03,0.102,2.45,,,0.2751,44.28363
52,BSS003BHFY,Double U,92.0,168.0,13.4,2.11,0.07,2.5,,,2.841073,48.377801
1254,BSS004LTUU,Double U,200.0,68.0,14.1,3.82,0.108,2.4,,,-2.30557,47.3173
699,BSS004CWGE,Double U,130.0,66.0,14.4,1.94,0.12,2.2,,,3.55819,47.78217
109,01654X0060,Double U,99.0,144.0,11.5,2.97,0.08,2.3,,,6.778202,49.139041
748,BSS004APAC,Double U,100.0,114.0,14.1,2.54,0.066,2.3,,,-0.59712,47.52668
1275,BSS004JQEY,Double U,127.0,52.0,13.1,2.28,0.088,2.28,,,5.80071,47.1848
356,BSS003DQUW,Double U,150.0,67.0,14.4,2.91,0.105,2.4,,,-1.41308846,47.07405102
688,BSS003XXVQ,Double U,200.0,76.0,12.1,2.44,0.147,2.3,,,4.449,46.54909
1007,BSS004HTUU,Double U,146.0,72.0,19.03,9.971,0.0772,2.246,,"La conductivité thermique apparente du terrain λ est supérieure à 6 W/(K.m). Une valeur aussi élevée de λ suggère un écoulement souterrain significatif. Pour rappel, l’interprétation du TRT prend en compte uniquement la conduction, mais pas le transport de chaleur par écoulement souterrain, ce qui peut conduire à une surestimation λ. Il est conseillé d’utiliser une valeur conservative de λ.",5.92494,43.12533
582,BSS004ANCE,Double U,135.0,48.0,15.93,1.91,0.12,2.49,,,0.59855,43.95274
1019,BSS004JZJZ,Double U,142.0,72.0,16.31,1.663,0.0627,2.174,,,5.34149893,43.59790594
612,BSS004BKAX,Double U,180.0,69.0,17.03,2.12,0.089,2.23,,,1.48054,43.56216
496,BSS003KMCS,Double U,140.0,69.0,11.7,2.55,0.1109,2.2,,,3.16824,50.3178
100,BSS003BSAC,Double U,200.0,168.0,15.1,1.71,0.057,2.5,,,2.328737,48.815487
1107,BSS004KWHL,Double U,200.0,68.0,13.67,2.9,0.098,2.08,,,2.57454,44.35144
662,BSS004FGHV,Double U,150.0,69.0,14.67,3.13,0.131,2.5,,,-3.90772,47.86846
708,BSS004GKBB,Double U,103.5,68.0,14.4,2.27,0.102,,,,-0.73362,44.15072
1294,BSS004NHFR,Double U,200.0,90.0,17.3,2.01,0.072,2.28,,,-1.57105,43.46799
1200,BSS004JMLF,Double U,150.0,47.0,20.0,2.33,0.075,,,,3.04769,42.54005
1186,BSS004LCLN,Double U,150.0,48.0,16.46,2.063,0.067,,,,1.30255,43.55623
1363,BSS004LRKQ,Double U,148.0,72.0,15.45,1.69,0.1,2.2,,,4.88500968,46.77299306
557,00142X0018,Double U,90.0,71.0,12.0,2.6,0.06,2.1,,,3.04010376,50.67090388
746,BSS003KUIA,Double U,135.0,68.0,13.2,3.02,0.067,2.3,,,-1.46144,48.1845
1213,BSS004KYZU,Double U,150.0,73.0,16.8,2.12,0.08,2.28,,,1.36874,43.49083
1098,BSS004KFRD,Double U,99.0,72.0,13.61,55.34,0.068,2.07,,"La conductivité thermique apparente du terrain λ est supérieure à 6 W/(K.m). Une valeur aussi élevée de λ suggère un écoulement souterrain significatif. Pour rappel, l’interprétation du TRT prend en compte uniquement la conduction, mais pas le transport de chaleur par écoulement souterrain, ce qui peut conduire à une surestimation λ. Il est conseillé d’utiliser une valeur conservative de λ.",1.97569082,47.91243394
720,BSS004EJRH,Double U,200.0,72.0,5.32,4.86,0.094,2.19,,,6.91324,45.47168
867,BSS004EMXL,Double U,140.0,66.0,12.5,2.79,0.092,2.55,,,2.7888,44.67776
221,BSS003KOIK,Double U,200.0,64.0,12.76,1.95,0.082,2.36,,,6.08961,46.12804
86,BSS003BQOG,Double U,100.0,96.0,13.3,1.59,0.075,2.4,,,2.349641,48.619863
1002,BSS004GAWM,Double U,130.0,71.0,14.35,3.06,0.085,2.47,,,5.21641,46.25444
1134,BSS004KTYE,Double U,112.0,72.0,14.1,2.65,0.1,2.89,,,-2.83494,48.64132
218,BSS003GWPE,Double U,131.0,67.0,15.6,2.04,0.099,2.27,,,1.5749,43.69663
1173,BSS004KUCJ,Double U,149.0,70.0,12.65,1.88,0.109,2.17,,,3.151782,50.34986
281,BSS003OBBQ,Double U,82.0,70.0,12.6,9.0,0.06,2.2,,"La conductivité thermique apparente du terrain λ est supérieure à 6 W/(K.m). Une valeur aussi élevée de λ suggère un écoulement souterrain significatif. Pour rappel, l’interprétation du TRT prend en compte uniquement la conduction, mais pas le transport de chaleur par écoulement souterrain, ce qui peut conduire à une surestimation λ. Il est conseillé d’utiliser une valeur conservative de λ.",2.349469,49.004581
631,BSS004CSDS,Double U,150.0,71.0,15.3,2.72,0.077,2.55,,,4.05963,45.60975
849,BSS004ANQW,Double U,194.0,47.0,7.8,2.7,0.08,,,,2.06444,42.51033
784,BSS004GNRW,Double U,200.0,71.0,13.86,1.95,0.0913,2.2,,,2.41332,48.59737
1276,BSS004KWMV,Double U,140.0,72.0,15.63,2.88,0.093,2.2,,,-2.21979,47.26896
1288,BSS004MKCU,Double U,198.0,69.0,15.1,4.14,0.078,2.25,,,-1.81695,46.99618
626,BSS004BVAU,Double U,140.0,48.0,15.28,2.27,0.068,2.29,,,1.60956,43.11976
681,BSS004EMRU,Double U,147.0,49.0,11.6,2.59,0.073,2.55,,,4.06096,45.43214
131,BSS003BYIW,Double U,99.0,88.0,13.1,3.69,0.091,2.41,,,5.945789,45.85952
450,BSS003DCJI,Double U,114.0,67.0,16.14,3.14,0.0996,2.4,,,4.879745,45.786041
182,BSS003CWQA,Double U,90.0,72.0,15.17,2.23,,1.86,,,2.148022,48.812152
358,BSS003EAQC,Double U,130.0,93.0,10.6,3.06,0.099,2.55,,,3.94354,45.66088
188,BSS003CRTY,Double U,99.0,69.0,9.51,2.88,0.0292,2.28,,,2.264237,45.695461
1234,BSS004LGRE,Double U,200.0,70.0,14.37,2.086,0.0767,2.51,,,2.55021,48.61242
1135,BSS004KVFE,Double U,145.0,72.0,14.22,88.66,0.072,2.37,,"La conductivité thermique apparente du terrain λ est supérieure à 6 W/(K.m). Une valeur aussi élevée de λ suggère un écoulement souterrain significatif. Pour rappel, l’interprétation du TRT prend en compte uniquement la conduction, mais pas le transport de chaleur par écoulement souterrain, ce qui peut conduire à une surestimation λ. Il est conseillé d’utiliser une valeur conservative de λ.",1.87189,47.88401
1261,BSS004KRUA,Double U,200.0,50.0,13.56,2.88,0.116,2.45,,,2.564301,44.354361
1244,BSS004LTTZ,Double U,115.0,69.0,14.87,1.62,0.088,2.5,,,5.68989,45.17581
406,BSS003UJLM,Double U,196.0,72.0,12.92,2.32,0.042,2.06,,,2.26683,50.75378
19,BSS003QELM,Double U,100.0,100.0,13.5,1.4,0.141,2.16,,,2.433782,50.889118
1255,BSS004LWBG,Double U,152.0,100.0,12.69,3.95,0.081,2.25,,,1.275888,48.90427
599,BSS004BXYU,Double U,140.0,69.0,13.46,2.33,0.101,2.2,,,6.25914,46.31374
1082,BSS004KMWY,Double U,150.0,69.0,16.2,2.2,0.084,2.23,,,1.55368,44.16051
237,BSS003NTEG,Double U,100.0,78.0,13.65,2.34,0.1,2.3,,,5.57243,46.682046
866,BSS004GZLW,Double U,160.0,72.0,13.2,2.36,0.072,2.28,,,5.98669,46.23398
611,BSS004BEFX,Double U,150.0,71.0,13.29,3.63,0.1,2.21,,,2.56082,44.32201
648,BSS004EBNK,Double U,82.0,72.0,13.4,4.03,0.089,2.25,,,4.77403,46.97381
1378,BSS004PNZE,Double U,140.0,71.0,13.32,2.86,0.04,2.2,,,5.23487,46.19412
882,BSS004CCPB,Double U,150.0,73.0,15.05,2.29,0.093,2.24,,,2.03743,44.60362
361,BSS003GTXE,Double U,120.0,84.0,14.3,3.09,0.108,2.35,,,4.71885,45.66005
904,BSS004JXQZ,Double U,150.0,50.0,13.98,2.45,0.15,2.4,,,4.90312,45.51539
1218,BSS004KGTE,Double U,200.0,72.0,18.1,1.44,0.112,2.25,,,-0.24727,43.71316
609,BSS004BHFT,Double U,100.0,67.0,15.94,1.76,0.076,,,,1.8438,43.34324
215,BSS003FSZE,Double U,178.0,74.0,13.61,2.16,0.08,2.2,,,2.40931,47.11619
613,BSS004BLPH,Double U,74.0,69.0,12.87,,,,,,2.10166,47.91644
113,BSS003BUQK,Double U,100.0,72.0,12.8,1.89,0.1,2.1,,,2.070493,48.785774
526,07257X0119,Double U,150.0,45.0,13.44,2.29,0.079,2.3,,,5.971462,45.545092
105,BSS003BSGC,Double U,250.0,84.0,17.4,1.99,0.082,2.4,,,1.373398,43.642329
173,BSS003CBVM,Double U,85.0,96.0,8.86,2.42,0.036,2.32,,,6.562472,45.68846
1339,BSS004PDKB,Double U,93.0,67.0,13.58,2.03,0.0933,2.25,,,7.81478,48.75368
674,BSS004BRZH,Double U,150.0,72.0,16.91,2.034,0.111,2.227,,,3.93045,43.64843
1332,BSS004NSYN,Double U,102.0,54.0,14.89,3.91,0.083,2.25,,,-1.05912,48.97442
283,BSS003IAMW,Double U,85.0,72.0,15.7,1.64,0.079,2.3,,,0.68479949,47.39577108
98,BSS003BRWW,Double U,99.0,108.0,14.5,10.95,0.082,2.3,,"La conductivité thermique apparente du terrain λ est supérieure à 6 W/(K.m). Une valeur aussi élevée de λ suggère un écoulement souterrain significatif. Pour rappel, l’interprétation du TRT prend en compte uniquement la conduction, mais pas le transport de chaleur par écoulement souterrain, ce qui peut conduire à une surestimation λ. Il est conseillé d’utiliser une valeur conservative de λ.",2.304656,48.815646
152,BSS003DQFI,Double U,94.0,72.0,13.57,3.15,0.078,2.2,,,5.313568,47.767797
1040,BSS004KEQJ,Double U,190.0,68.0,15.43,2.77,0.097,2.1,,,-2.18808,47.3202
1282,BSS004LUPS,Double U,150.0,48.0,16.3,3.17,0.124,2.33,,,2.36994076,43.23248674
608,BSS004BFMV,Double U,151.0,70.0,14.35,2.47,0.109,2.5,,,0.07691,43.23423
51,06986S0199,Double U,24.0,120.0,13.1,2.4,0.11,2.4,,,4.8176774,45.73232499
508,BSS004DCKH,Double U,84.0,41.0,13.0,2.0,0.065,2.2,,,2.625515,48.84419
617,BSS004CHUJ,Double U,150.0,67.0,10.78,4.39,0.109,1.83,,,6.62797,44.91196
262,BSS003NYPU,Double U,100.0,97.0,17.4,2.05,0.079,2.38,,,3.032636,42.699784
517,01278X0273,Double U,87.0,72.0,11.8,2.0,0.068,2.1,,,2.511472,49.223199
1343,BSS004HDFX,Double U,122.0,67.0,15.6,2.14,0.063,2.25,,,6.1539,47.62459
883,BSS004BBSV,Double U,100.0,71.0,13.3,2.27,0.09,2.25,,,5.77477,47.23424
454,BSS004BVVN,Double U,134.0,63.0,12.25,3.75,0.08,2.5,,,3.85693,44.72626
1251,BSS004LPSM,Double U,150.0,40.0,14.45,2.91,0.105,2.15,,,0.82403,45.8262
777,BSS004FHHE,Double U,130.0,71.0,13.0,2.67,0.099,2.25,,,6.01808,47.25953
177,BSS003DQBM,Double U,45.0,69.0,14.95,1.69,0.11,2.04,,,2.186923,48.898309
1348,BSS004KGXK,Double U,92.0,49.0,13.2,2.17,0.085,2.3,,,4.70294,48.51101
230,BSS003YPMC,Double U,200.0,69.0,16.04,1.28,0.078,2.2,,,3.20127,45.77052
874,BSS004JAET,Double U,200.0,72.0,14.67,3.46,0.098,2.2,,,2.19103,49.0967
840,BSS004HWLQ,Double U,200.0,67.0,16.95,2.44,0.118,2.36,,,-0.62594,45.25106
223,BSS003HZBE,Double U,185.0,64.0,16.13,2.21,0.082,2.21,,,1.31924,43.65195
988,BSS004JSYX,Double U,150.0,73.0,16.57,2.24,0.061,2.25,,,5.0666,44.05879
848,BSS003KWKK,Double U,150.0,65.0,15.8,2.0,0.08,,,,1.99927,43.8961
837,BSS004HJSS,Double U,200.0,70.0,12.81,2.28,0.102,2.16,,,6.87672,47.53045
606,BSS004BCKF,Double U,150.0,70.0,13.54,3.92,0.08,2.23,,,4.71114,45.92695
889,BSS004HTQE,Double U,150.0,72.0,15.14,2.29,0.09,2.48,,,0.17196,44.99942
596,BSS003PFNY,Double U,100.0,67.0,14.16,1.87,0.093,2.35,,,1.45928,47.66615
1299,BSS004LBGG,Double U,145.0,38.0,11.78,7.869,0.0968,2.402,,"La conductivité thermique apparente du terrain λ est supérieure à 6 W/(K.m). Une valeur aussi élevée de λ suggère un écoulement souterrain significatif. Pour rappel, l’interprétation du TRT prend en compte uniquement la conduction, mais pas le transport de chaleur par écoulement souterrain, ce qui peut conduire à une surestimation λ. Il est conseillé d’utiliser une valeur conservative de λ.",4.9282,49.72095
1217,BSS004LRUB,Double U,160.0,70.0,15.8,2.59,0.072,2.41,,,4.93246363,45.74282496
1202,BSS004KSXF,Double U,160.0,69.0,14.27,2.0,0.1227,2.25,,,2.274649,48.793383
239,BSS003NTWW,Double U,100.0,96.0,12.8,1.73,0.076,2.3,,,2.061573,49.060224
556,BSS003GRJQ,Double U,136.0,71.0,13.1,2.3,0.09,2.0,,,2.41285,48.97505
1189,BSS004LLEL,Double U,148.0,52.0,12.53,2.089,0.0401,2.212,,,2.87251,49.81316
640,BSS004FBQZ,Double U,110.0,72.0,13.38,1.848,0.0719,1.569,,,7.22552,47.66892
1239,BSS004LQTV,Double U,194.0,67.0,15.23,3.281,0.098,2.538,,,-2.01265,47.36196
31,03982X1024,Double U,93.0,103.0,15.1,1.57,0.122,,,,1.93969,47.82745
83,00905X0121,Double U,184.0,120.0,13.9,2.12,0.081,2.3,,,5.787777,49.534166
862,BSS004EMNQ,Double U,200.0,48.0,16.84,2.02,0.075,2.35,,,1.52383,43.66827
1296,BSS004MESR,Double U,197.0,72.0,15.04,2.33,0.1174,2.29,,,-0.37018,43.29699
1031,BSS004EGGN,Double U,152.0,64.0,14.71,1.95,0.123,2.29,,,2.39519,48.61281
1127,BSS004KHJQ,Double U,150.0,66.0,15.9,1.57,0.074,2.5,,,3.87915,45.02615
1105,BSS004KWKT,Double U,150.0,70.0,14.4,2.78,0.085,2.2,,,5.847056,45.81979
873,BSS004HTCG,Double U,179.0,72.0,13.12,1.98,0.093,2.04,,,3.203,50.34507
981,BSS004HZZB,Double U,200.0,46.0,16.44,2.38,0.074,2.32,,,1.7379,43.81318
372,BSS003KHTQ,Double U,100.0,70.0,13.8,1.85,0.091,2.15,,,0.21946,47.25105
1286,BSS004MCDS,Double U,150.0,65.0,12.98,3.02,0.09,2.44,,,2.025228,45.126638
140,BSS002PYZK,Double U,98.8,70.0,11.6,2.28,0.072,2.31,,,3.52453,50.330589
569,BSS003OVKC,Double U,99.0,69.0,16.4,2.05,0.0959,,,,-0.41383,45.28146
962,BSS004BTBM,Double U,131.0,113.0,17.45,2.32,0.083,2.33,,,3.99926,43.64985
693,BSS004BBBB,Double U,124.0,67.0,11.95,2.01,0.11,,,,2.87741,50.45799
9,05625X0185,Double U,100.0,114.0,14.05,5.46,0.07,,,,-1.37213937,46.6233306
1085,BSS003QMWS,Double U,100.0,72.0,12.3,2.56,0.069,2.29,,,5.36293,48.27891
1046,BSS004HSSG,Double U,150.0,68.0,16.9,2.01,0.085,2.29,,,1.448,44.0883
677,BSS004DKYF,Double U,160.0,57.0,15.98,2.37,0.079,2.22,,,1.32542,43.57981
161,BSS003DQJE,Double U,100.0,70.0,13.05,2.86,0.072,1.81,,,5.966651,45.780231
80,BSS003BOKW,Double U,99.5,84.0,16.9,2.18,0.087,2.4,,,2.963435,42.537449
222,BSS003INVM,Double U,133.0,50.0,8.73,3.64,0.086,2.2,,,6.63225,45.89506
967,BSS004AKCY,Double U,100.0,72.0,18.1,1.64,0.098,2.51,,,2.91046,42.66537
654,BSS004GRHZ,Double U,123.0,68.0,14.25,2.263,0.0942,2.31,,,-1.71001,47.18801
368,BSS003IVGW,Double U,100.0,72.0,13.6,1.91,0.086,2.32,,,-1.037939,46.688316
112,BSS003BUNI,Double U,118.0,72.0,13.35,2.89,0.077,2.23,,,3.447434,45.822324
1094,BSS004JVLT,Double U,100.0,72.0,7.16,30.37,0.072,30.37,,"La conductivité thermique apparente du terrain λ est supérieure à 6 W/(K.m). Une valeur aussi élevée de λ suggère un écoulement souterrain significatif. Pour rappel, l’interprétation du TRT prend en compte uniquement la conduction, mais pas le transport de chaleur par écoulement souterrain, ce qui peut conduire à une surestimation λ. Il est conseillé d’utiliser une valeur conservative de λ.",6.57038,45.29751
1346,BSS004KGAX,Double U,107.0,73.0,14.12,2.54,0.097,2.25,,,0.153419,47.922615
1344,BSS004HZUT,Double U,143.0,70.0,14.98,2.24,,2.1,,,3.31383,45.38238
224,BSS003CQIA,Double U,197.0,73.0,14.2,3.57,0.103,2.44,,,4.79007,45.80031
1220,BSS004KNFJ,Double U,112.0,99.0,13.6,2.17,0.064,2.2,,,0.19823,48.93234
740,BSS004HNVM,Double U,150.0,70.0,13.26,3.27,0.1,2.5,,,4.30432,45.51942
747,BSS003OPQG,Double U,121.0,66.0,14.3,5.76,0.045,2.38,,,-0.63782,47.15816
670,BSS004DDQN,Double U,145.0,48.0,16.6,2.16,0.101,,,,1.3994,43.45249
1183,BSS004KXAU,Double U,150.0,72.0,12.7,2.39,0.06,2.2,,,5.33919,46.05406
459,BSS004AMAL,Double U,200.0,72.0,13.6,3.51,0.094,2.5,,,1.63007,46.11939
587,BSS004BFSJ,Double U,133.0,72.0,12.96,1.68,0.095,2.21,,,2.77439,48.85306
279,BSS003OAZQ,Double U,100.0,116.0,12.55,2.98,0.08,2.55,,,4.474065,46.361897
727,BSS004GWBX,Double U,193.0,73.0,16.03,1.91,0.121,2.2,,,1.31565523,43.97297053
207,BSS003NIKG,Double U,50.0,52.0,10.61,2.69,0.02,2.5,,,2.059503,45.39918
376,BSS003MFHI,Double U,200.0,66.0,13.3,2.27,0.08,2.3,,,1.85422,50.95285
634,BSS004DNBC,Double U,150.0,77.0,13.2,2.89,0.117,2.3,,,-0.52799,47.42392
149,BSS003DQCA,Double U,100.0,71.0,10.92,7.74,0.071,2.11,,"La conductivité thermique apparente du terrain λ est supérieure à 6 W/(K.m). Une valeur aussi élevée de λ suggère un écoulement souterrain significatif. Pour rappel, l’interprétation du TRT prend en compte uniquement la conduction, mais pas le transport de chaleur par écoulement souterrain, ce qui peut conduire à une surestimation λ. Il est conseillé d’utiliser une valeur conservative de λ.",5.553969,46.190911
386,BSS003NSOW,Double U,150.0,74.0,13.2,1.81,0.074,2.4,,,2.58636,48.61749
1248,BSS004LRVD,Double U,93.0,72.0,7.76,3.05,0.108,2.0,,,6.57027,45.40221
891,BSS004HMWX,Double U,146.0,70.0,17.95,1.956,0.0785,2.216,,,3.16509,43.30819
1240,BSS004LRNX,Double U,195.0,69.0,13.6,3.92,0.079,2.3,,,-0.67401,47.54483
602,BSS004BFDJ,Double U,122.0,71.0,12.98,2.73,0.076,2.41,,,6.44646,46.07551
504,BSS004BHSE,Double U,120.0,72.0,8.3,5.658,0.1279,2.256,,,6.92903,44.09683
196,BSS003CSNI,Double U,99.0,141.0,11.58,1.96,0.1056,1.47,,,3.731002,49.441443
638,BSS004ELMH,Double U,100.0,69.0,13.76,2.09,0.107,2.5,,,5.87709,45.27241
128,BSS003DPWW,Double U,99.0,117.0,11.7,1.88,0.132,2.5,,,5.818952,45.221339
710,BSS004GFBD,Double U,150.0,70.0,16.4,2.01,0.096,2.33,,,0.62692,44.18504
632,BSS004DHXD,Double U,150.0,86.0,17.0,10.61,0.08,2.52,,"La conductivité thermique apparente du terrain λ est supérieure à 6 W/(K.m). Une valeur aussi élevée de λ suggère un écoulement souterrain significatif. Pour rappel, l’interprétation du TRT prend en compte uniquement la conduction, mais pas le transport de chaleur par écoulement souterrain, ce qui peut conduire à une surestimation λ. Il est conseillé d’utiliser une valeur conservative de λ.",-0.24166,44.94374
729,BSS004GBVA,Double U,140.0,72.0,16.16,1.421,0.077,2.25,,,4.09177,43.8089
1262,BSS004KYUG,Double U,100.0,100.0,13.55,3.13,0.058,2.25,,,-1.1085017,49.11874163
771,BSS003NYXM,Double U,200.0,72.0,16.9,1.75,0.11,2.27,,,1.3705,43.61312
1037,01324X0092,Double U,98.0,65.0,12.3,3.3,0.052,,,,4.31096106,49.29470355
1279,BSS004LNZC,Double U,150.0,90.0,15.66,2.26,0.078,2.27,,,6.0513,44.5364
159,BSS003CAVY,Double U,180.0,92.0,17.95,1.39,0.14,2.5,,,3.144166,45.823696
502,BSS003LMCC,Double U,200.0,60.0,13.5,2.49,0.1086,2.2,,,6.8586,47.63182
562,BSS004BHNW,Double U,200.0,90.0,14.55,1.84,0.1222,1.8,,,2.4139235,51.03882223
1258,BSS004KNME,Double U,94.0,72.0,19.21,3.623,0.062,,,,5.935842,43.112465
1191,BSS004CGJG,Double U,172.0,72.0,15.94,2.377,0.0607,2.2,,,5.05528,43.92073
70,BSS002PVCE,Double U,98.0,168.0,15.6,2.67,0.12,2.3,,,0.162421,45.654033
1382,BSS004QAAE,Double U,195.0,62.0,15.24,3.19,0.091,2.2,,,-0.447028,46.326555
1096,BSS004KDEM,Double U,150.0,71.0,16.45,2.16,0.104,2.2,,,1.4877,43.8526
156,BSS003DQIK,Double U,99.0,86.0,12.07,2.79,0.053,2.22,,,5.882767,47.106816
272,BSS003OAPI,Double U,135.0,70.0,14.5,1.83,0.079,2.45,,,5.711046,45.1994
1043,BSS004HSHL,Double U,152.0,,13.14,2.37,0.078,2.32,,,6.0277,46.25291
97,BSS003BRUC,Double U,216.0,144.0,14.1,1.84,0.075,2.4,,,2.277625,48.83292
360,BSS003GSQC,Double U,140.0,72.0,12.8,2.74,0.098,2.55,,,4.01094,45.58748
1030,BSS004ECCA,Double U,150.0,72.0,12.13,2.77,0.0764,2.49,,,2.693893,49.238852
211,BSS003WYVU,Double U,120.0,72.0,13.18,2.89,0.074,2.49,,,4.74135,45.77722
892,BSS004JDZL,Double U,145.0,71.0,13.51,2.68,0.1117,2.21,,,6.92441,47.7149
1087,09838X3707,Double U,100.0,93.0,15.8,1.94,0.118,2.27,,,1.35409062,43.60185478
64,BSS003BMSG,Double U,99.0,192.0,12.7,2.59,0.093,2.3,,,6.606066,49.047833
999,BSS004EGTQ,Double U,150.0,70.0,16.61,1.94,0.08,2.25,,,3.7937,43.55926
1237,BSS004LPJH,Double U,120.0,69.0,11.43,4.73,0.086,2.48,,,-0.01311,42.8761
704,BSS004GCDL,Double U,60.0,72.0,13.72,1.95,0.096,1.75,,,4.74593,45.7715
1280,BSS004LPJK,Double U,150.0,67.0,16.44,2.91,0.087,2.31,,,-1.45496,43.39705
229,BSS003CDMK,Double U,160.0,71.0,15.59,3.59,0.087,2.5,,,1.7501,45.26162
415,BSS004APFC,Double U,99.0,79.0,15.2,1.63,0.109,2.3,,,2.29915,48.75975
1163,BSS004BAZM,Double U,140.0,58.0,11.9,56.75,0.089,2.28,,"La conductivité thermique apparente du terrain λ est supérieure à 6 W/(K.m). Une valeur aussi élevée de λ suggère un écoulement souterrain significatif. Pour rappel, l’interprétation du TRT prend en compte uniquement la conduction, mais pas le transport de chaleur par écoulement souterrain, ce qui peut conduire à une surestimation λ. Il est conseillé d’utiliser une valeur conservative de λ.",5.47988,45.5732
157,06464X0040,Double U,100.0,54.0,12.87,2.38,0.065,2.2,,,3.589425,46.251914
89,BSS003BQOA,Double U,99.0,168.0,14.0,2.32,0.081,2.2,,,7.084991,43.725692
111,BSS003BUKA,Double U,160.0,90.0,14.95,2.26,0.048,2.13,,,4.894468,45.741616
571,BSS004EYTX,Double U,200.0,70.0,13.83,2.56,0.1194,2.1,,,6.02482674,46.23654108
555,01517X0226,Double U,143.0,73.0,13.4,1.8,0.08,2.1,,,1.65220598,48.96560584
69,09406X0861,Double U,99.2,108.0,15.3,2.88,0.063,2.5,,,4.771905,43.971
11,07256X0195,Double U,84.0,65.0,12.9,2.3,0.07,,,,5.888675,45.605706
383,BSS003NGXU,Double U,83.0,52.0,12.8,1.84,0.73,2.4,,,3.05165,50.68661
209,BSS003NJZU,Double U,200.0,69.0,17.69,1.33,0.061,2.2,,,3.102605,45.788506
949,BSS004HXBN,Double U,154.0,73.0,13.3,1.89,0.083,2.15,,,3.173484,50.356062
742,BSS004JAAK,Double U,147.0,71.0,17.28,2.12,0.1,2.17,,,0.92991028,43.49019237
1018,BSS004JZGK,Double U,151.0,72.0,17.22,2.045,0.0837,2.216,,,4.416804,44.00670074
275,BSS003OASK,Double U,100.0,50.0,13.5,2.13,0.08,2.2,,,4.71739,46.171189
374,BSS003LHOK,Double U,150.0,69.0,13.9,3.72,0.091,2.35,,,4.57441,45.48404
875,BSS004JNVK,Double U,160.0,72.0,14.46,2.64,0.089,2.55,,,4.77277,45.83542
1375,BSS004PMJA,Double U,150.0,62.0,10.98,2.99,0.084,2.46,,,6.374611,46.132606
965,BSS004JXHK,Double U,144.0,72.0,13.57,1.88,0.089,2.38,,,3.04781,50.77471
1374,BSS004PMXJ,Double U,134.0,48.0,14.1,1.85,0.083,2.25,,,3.12515,50.40229
1184,BSS004KXJT,Double U,196.0,70.0,13.71,3.211,0.0659,2.2,,,-1.79832,47.97003
956,BSS003ETZE,Double U,100.0,147.0,11.5,2.03,0.138,2.25,,,2.66082,44.84539
639,BSS004EMWC,Double U,200.0,66.0,17.77,2.01,0.097,2.23,,,1.4521,43.61541
148,BSS003CALY,Double U,120.0,86.0,13.72,1.65,0.084,2.25,,,1.838225,48.75169
689,BSS003FQUG,Double U,130.0,48.0,16.3,2.51,0.09,2.4,,,-1.38618,43.6719
1325,BSS004MFLE,Double U,179.0,73.0,16.82,2.47,0.103,2.48,,,1.9116,43.7502
1078,BSS004KFBH,Double U,125.0,68.0,16.95,1.961,0.1095,2.218,,,7.25792371,43.70452892
1060,BSS004GEJT,Double U,130.0,72.0,15.01,2.51,0.04,2.19,,,-1.50319,47.4414
42,BSS003DRVQ,Double U,100.0,,16.7,2.2,,,,,0.179883,44.498966
135,BSS003BZOW,Double U,108.0,69.0,13.44,2.33,0.078,2.2,,,5.686386,45.171495
142,BSS003CAAK,Double U,100.0,72.0,12.82,2.88,0.076,2.22,,,6.011357,47.240744
380,BSS003MXGA,Double U,142.0,68.0,16.5,2.05,0.066,2.5,,,-0.66279,44.82614
624,BSS004AZPW,Double U,150.0,72.0,16.17,2.0,0.075,2.34,,,1.36776,43.59106
460,BSS004CPSU,Double U,105.0,72.0,12.49,1.85,0.109,2.2,,,0.35972,49.71847
1206,BSS004BGDM,Double U,150.0,73.0,15.4,2.47,0.093,2.18,,,4.83412,45.84179
643,BSS004GBSH,Double U,100.0,72.0,13.7,3.09,0.097,2.4,,,-2.99587,47.72042
138,BSS002PYZH,Double U,103.2,72.0,11.66,2.35,0.072,2.31,,,3.525324,50.330582
385,BSS003NQIK,Double U,96.0,73.0,15.8,2.08,0.076,2.26,,,3.732,43.55455
985,BSS004JSSC,Double U,122.0,45.0,15.12,2.41,0.075,2.25,,,4.721481,45.996245
644,BSS004GEBL,Double U,150.0,82.0,14.8,2.25,0.082,2.48,,,-0.32932,43.31766
947,BSS004CRSG,Double U,100.0,72.0,13.5,2.01,0.131,2.3,,,-0.78797,46.45832
752,BSS004ASGQ,Double U,200.0,73.0,13.24,1.71,0.1432,1.98,,,2.7974,48.08959
607,BSS004BGHA,Double U,178.0,84.0,12.9,1.96,0.095,2.25,,,1.83563,42.91975
1357,BSS004LHBQ,Double U,127.0,73.0,13.91,1.81,0.104,2.2,,,1.08142,47.78199
425,BSS004BKRW,Double U,105.0,72.0,13.91,2.5,0.094,2.3,,,4.584572,48.438169
980,BSS004HDPW,Double U,140.0,48.0,16.3,1.96,0.097,,,,1.33356,43.518
242,BSS003NUUO,Double U,180.0,72.0,17.5,2.33,0.109,2.25,,,7.413368,43.733268
958,BSS004JCPX,Double U,130.0,23.0,16.51,1.76,0.101,2.11,,,1.437621,43.668324
144,BSS003CALE,Double U,100.0,88.0,11.7,3.14,0.07,2.4,,,6.264538,46.10964
59,10956X0025,Double U,97.5,168.0,15.5,2.99,0.065,2.3,,,2.277023,42.532721
843,BSS004JFKG,Double U,141.0,66.0,17.25,1.81,0.102,2.1,,,-0.64878,44.79462
1047,BSS004HWUW,Double U,145.0,73.0,15.0,2.91,0.083,2.25,,,-0.2808,43.23501
193,BSS003CSHU,Double U,99.0,118.0,13.03,2.68,0.1018,2.21,,,6.230452,49.103891
961,BSS003NZCA,Double U,120.0,73.0,12.73,1.84,0.085,2.4,,,0.65989,48.94492
1302,BSS004LPTL,Double U,120.0,47.0,8.26,2.83,0.083,2.23,,,6.93117,44.22574
500,BSS003ISSA,Double U,140.0,70.0,12.14,2.2,0.1117,2.0,,,3.50925,49.04822
